channel,month,month_name,orders,revenue,gross_profit,margin_pct,avg_order_value,pct_of_month_revenue
Night Market,1,Jan,373,10290.63,6969.93,67.73,27.59,27.7
Night Market,2,Feb,236,6819.72,4577.42,67.12,28.9,11.8
Night Market,3,Mar,268,7274.31,4931.81,67.8,27.14,13.5
Night Market,4,Apr,404,11415.33,7672.78,67.21,28.26,26.8
Night Market,5,May,378,10893.44,7329.49,67.28,28.82,13.7
Night Market,6,Jun,354,10092.88,6792.28,67.3,28.51,21.2
Night Market,7,Jul,397,11441.59,7700.49,67.3,28.82,11.3
Night Market,8,Aug,458,13408.85,9048.7,67.48,29.28,14.0
Night Market,9,Sep,304,8962.41,6075.41,67.79,29.48,13.6
Night Market,10,Oct,523,14361.35,9697.15,67.52,27.46,31.2
Night Market,11,Nov,331,9523.25,6395.5,67.16,28.77,24.1
Night Market,12,Dec,226,6473.38,4367.83,67.47,28.64,16.2
Storefront,1,Jan,1008,26849.39,17801.24,66.3,26.64,72.3
Storefront,2,Feb,960,25140.22,16701.67,66.43,26.19,43.4
Storefront,3,Mar,1107,30689.76,20369.61,66.37,27.72,57.2
Storefront,4,Apr,1179,31225.3,20753.2,66.46,26.48,73.2
Storefront,5,May,1221,32363.93,21597.98,66.73,26.51,40.7
Storefront,6,Jun,1255,32495.8,21660.7,66.66,25.89,68.3
Storefront,7,Jul,1364,35804.2,23793.85,66.46,26.25,35.3
Storefront,8,Aug,1386,36808.79,24485.89,66.52,26.56,38.4
Storefront,9,Sep,1145,30114.09,20085.34,66.7,26.3,45.8
Storefront,10,Oct,1195,31609.52,21051.72,66.6,26.45,68.8
Storefront,11,Nov,1130,30045.37,19979.82,66.5,26.59,75.9
Storefront,12,Dec,1025,27106.99,18043.24,66.56,26.45,68.0
Vendor Event,2,Feb,728,25905.73,17170.73,66.28,35.58,44.8
Vendor Event,3,Mar,445,15732.88,10396.68,66.08,35.35,29.3
Vendor Event,5,May,1001,36284.53,24092.53,66.4,36.25,45.6
Vendor Event,6,Jun,141,5006.45,3318.15,66.28,35.51,10.5
Vendor Event,7,Jul,1504,54210.72,35912.87,66.25,36.04,53.4
Vendor Event,8,Aug,1280,45653.02,30320.17,66.41,35.67,47.6
Vendor Event,9,Sep,751,26607.35,17617.7,66.21,35.43,40.5
Vendor Event,12,Dec,174,6258.6,4145.35,66.23,35.97,15.7
