channel,spice_level,heat_rank,units,pct_of_channel_units,popularity_rank
Night Market,No Heat,0,377,5.6,6
Night Market,Mild,1,990,14.8,4
Night Market,Medium,2,1907,28.6,2
Night Market,Hot,3,1979,29.6,1
Night Market,Extra Hot,4,1011,15.1,3
Night Market,Reaper,5,415,6.2,5
Storefront,No Heat,0,1322,6.7,5
Storefront,Mild,1,3352,17.1,3
Storefront,Medium,2,5939,30.3,1
Storefront,Hot,3,5268,26.9,2
Storefront,Extra Hot,4,2723,13.9,4
Storefront,Reaper,5,992,5.1,6
Vendor Event,No Heat,0,500,4.6,6
Vendor Event,Mild,1,1486,13.7,4
Vendor Event,Medium,2,2931,26.9,2
Vendor Event,Hot,3,3010,27.7,1
Vendor Event,Extra Hot,4,2113,19.4,3
Vendor Event,Reaper,5,839,7.7,5
