cohort_month,cohort_size,months_since_first,active_customers,retention_pct
2025-01,390,0,390,100.0
2025-01,390,1,153,39.2
2025-01,390,2,146,37.4
2025-01,390,3,120,30.8
2025-01,390,4,108,27.7
2025-01,390,5,97,24.9
2025-01,390,6,87,22.3
2025-01,390,7,81,20.8
2025-01,390,8,65,16.7
2025-01,390,9,43,11.0
2025-01,390,10,34,8.7
2025-01,390,11,31,7.9
2025-02,251,0,251,100.0
2025-02,251,1,84,33.5
2025-02,251,2,72,28.7
2025-02,251,3,65,25.9
2025-02,251,4,45,17.9
2025-02,251,5,39,15.5
2025-02,251,6,48,19.1
2025-02,251,7,29,11.6
2025-02,251,8,31,12.4
2025-02,251,9,13,5.2
2025-02,251,10,12,4.8
2025-03,186,0,186,100.0
2025-03,186,1,61,32.8
2025-03,186,2,51,27.4
2025-03,186,3,38,20.4
2025-03,186,4,40,21.5
2025-03,186,5,38,20.4
2025-03,186,6,28,15.1
2025-03,186,7,24,12.9
2025-03,186,8,12,6.5
2025-03,186,9,12,6.5
2025-04,189,0,189,100.0
2025-04,189,1,57,30.2
2025-04,189,2,42,22.2
2025-04,189,3,42,22.2
2025-04,189,4,35,18.5
2025-04,189,5,22,11.6
2025-04,189,6,19,10.1
2025-04,189,7,17,9.0
2025-04,189,8,16,8.5
2025-05,189,0,189,100.0
2025-05,189,1,65,34.4
2025-05,189,2,60,31.7
2025-05,189,3,51,27.0
2025-05,189,4,30,15.9
2025-05,189,5,30,15.9
2025-05,189,6,31,16.4
2025-05,189,7,14,7.4
2025-06,195,0,195,100.0
2025-06,195,1,68,34.9
2025-06,195,2,63,32.3
2025-06,195,3,46,23.6
2025-06,195,4,44,22.6
2025-06,195,5,33,16.9
2025-06,195,6,27,13.8
2025-07,221,0,221,100.0
2025-07,221,1,83,37.6
2025-07,221,2,61,27.6
2025-07,221,3,46,20.8
2025-07,221,4,33,14.9
2025-07,221,5,29,13.1
2025-08,225,0,225,100.0
2025-08,225,1,56,24.9
2025-08,225,2,57,25.3
2025-08,225,3,35,15.6
2025-08,225,4,31,13.8
2025-09,151,0,151,100.0
2025-09,151,1,40,26.5
2025-09,151,2,31,20.5
2025-09,151,3,31,20.5
2025-10,176,0,176,100.0
2025-10,176,1,46,26.1
2025-10,176,2,32,18.2
2025-11,162,0,162,100.0
2025-11,162,1,40,24.7
2025-12,138,0,138,100.0
