day_of_week_num,day_of_week,hour,orders,revenue,avg_orders_per_day,peak_rank
1,Tuesday,11,143,3769.95,2.75,50
1,Tuesday,12,301,8307.57,5.79,28
1,Tuesday,13,148,4006.9,2.85,49
1,Tuesday,14,66,1794.05,1.27,62
1,Tuesday,15,73,2075.78,1.4,61
1,Tuesday,16,99,2621.5,1.9,54
1,Tuesday,17,233,6013.0,4.48,37
1,Tuesday,18,284,8090.5,5.46,29
1,Tuesday,19,205,5408.83,3.94,41
1,Tuesday,20,87,2307.9,1.67,58
2,Wednesday,11,158,4089.8,3.04,48
2,Wednesday,12,310,7917.82,5.96,27
2,Wednesday,13,184,5165.55,3.54,46
2,Wednesday,14,62,1729.77,1.19,64
2,Wednesday,15,64,1775.4,1.23,63
2,Wednesday,16,94,2522.8,1.81,56
2,Wednesday,17,230,6386.25,4.42,38
2,Wednesday,18,275,7413.4,5.29,31
2,Wednesday,19,202,5413.37,3.88,42
2,Wednesday,20,93,2414.77,1.79,57
3,Thursday,11,192,5049.22,3.84,43
3,Thursday,12,354,9279.4,7.08,22
3,Thursday,13,183,4664.26,3.66,44
3,Thursday,14,78,1906.35,1.56,59
3,Thursday,15,71,1835.5,1.42,60
3,Thursday,16,108,2717.45,2.16,53
3,Thursday,17,230,5990.73,4.6,36
3,Thursday,18,323,9198.94,6.46,23
3,Thursday,19,233,6251.56,4.66,35
3,Thursday,20,93,2266.23,1.86,55
4,Friday,11,380,11830.05,7.31,20
4,Friday,12,764,23855.49,14.69,8
4,Friday,13,474,14663.62,9.12,15
4,Friday,14,255,8086.26,4.9,32
4,Friday,15,244,7927.05,4.69,34
4,Friday,16,317,9595.23,6.1,26
4,Friday,17,1185,35154.19,22.79,3
4,Friday,18,1922,55269.52,36.96,1
4,Friday,19,1922,54568.67,36.96,1
4,Friday,20,1046,29875.73,20.12,4
4,Friday,21,523,14550.29,10.06,14
4,Friday,22,115,3034.7,2.21,51
4,Friday,23,29,739.0,0.56,65
5,Saturday,11,448,14032.48,8.62,16
5,Saturday,12,856,26475.69,16.46,6
5,Saturday,13,549,17274.79,10.56,13
5,Saturday,14,324,10799.8,6.23,25
5,Saturday,15,277,9371.55,5.33,30
5,Saturday,16,381,11962.05,7.33,19
5,Saturday,17,824,24374.12,15.85,7
5,Saturday,18,895,26466.98,17.21,5
5,Saturday,19,632,18875.2,12.15,11
5,Saturday,20,214,6049.3,4.12,40
5,Saturday,21,187,4660.14,3.6,45
5,Saturday,22,115,3002.28,2.21,51
5,Saturday,23,28,797.53,0.54,66
6,Sunday,11,377,11535.1,7.25,21
6,Sunday,12,692,21285.85,13.31,9
6,Sunday,13,433,13213.33,8.33,18
6,Sunday,14,250,7683.85,4.81,33
6,Sunday,15,215,6628.62,4.13,39
6,Sunday,16,325,10128.03,6.25,24
6,Sunday,17,582,17987.56,11.19,12
6,Sunday,18,673,19381.96,12.94,10
6,Sunday,19,447,12636.54,8.6,17
6,Sunday,20,175,4712.68,3.37,47
