month,month_name,orders,revenue,gross_profit,prev_month_revenue,mom_growth_pct,ytd_revenue,rolling_3mo_avg_revenue
1,Jan,1381,37140.02,24771.17,,,37140.02,37140.02
2,Feb,1924,57865.67,38449.82,37140.02,55.8,95005.69,47502.85
3,Mar,1820,53696.95,35698.1,57865.67,-7.2,148702.64,49567.55
4,Apr,1583,42640.63,28425.98,53696.95,-20.6,191343.27,51401.08
5,May,2600,79541.9,53020.0,42640.63,86.5,270885.17,58626.49
6,Jun,1750,47595.13,31771.13,79541.9,-40.2,318480.3,56592.55
7,Jul,3265,101456.51,67407.21,47595.13,113.2,419936.81,76197.85
8,Aug,3124,95870.66,63854.76,101456.51,-5.5,515807.47,81640.77
9,Sep,2200,65683.85,43778.45,95870.66,-31.5,581491.32,87670.34
10,Oct,1718,45970.87,30748.87,65683.85,-30.0,627462.19,69175.13
11,Nov,1461,39568.62,26375.32,45970.87,-13.9,667030.81,50407.78
12,Dec,1425,39838.97,26556.42,39568.62,0.7,706869.78,41792.82
