customer_id,first_order_date,zip_code,loyalty_member
C00003,2025-11-01,91362,False
C00004,2025-12-27,93036,False
C00005,2025-09-17,93065,True
C00007,2025-06-03,93033,False
C00009,2025-02-28,93003,True
C00010,2025-06-08,90802,False
C00014,2025-10-31,93035,False
C00018,2025-10-31,91311,True
C00022,2025-01-31,93060,False
C00029,2025-08-21,91362,True
C00033,2025-06-26,,False
C00036,2025-01-12,93001,True
C00037,2025-02-16,93004,True
C00039,2025-02-05,91320,True
C00042,2025-01-21,,False
C00046,2025-02-21,93030,False
C00048,2025-09-19,91320,True
C00051,2025-07-05,93021,True
C00058,2025-01-12,93036,False
C00059,2025-03-04,93004,True
C00061,2025-05-23,91360,False
C00068,2025-06-26,91360,False
C00069,2025-11-26,93036,True
C00071,2025-09-28,93010,True
C00073,2025-12-21,93060,False
C00074,2025-06-20,93004,True
C00075,2025-04-22,93012,True
C00076,2025-07-25,93001,True
C00077,2025-05-25,93012,True
C00079,2025-06-18,91381,False
C00081,2025-08-06,93001,False
C00085,2025-09-26,93012,True
C00088,2025-08-29,93035,False
C00091,2025-01-03,91320,True
C00096,2025-12-30,91320,False
C00100,2025-07-20,,False
C00104,2025-02-08,93003,False
C00109,2025-09-17,93012,True
C00112,2025-11-08,93003,True
C00114,2025-08-10,91362,False
C00115,2025-08-03,91311,True
C00119,2025-01-18,91320,False
C00123,2025-01-03,93036,True
C00125,2025-01-24,93004,True
C00129,2025-02-28,93036,True
C00130,2025-03-15,93003,False
C00131,2025-07-01,91360,True
C00133,2025-11-01,91360,False
C00134,2025-09-16,93001,False
C00139,2025-02-01,93030,False
C00143,2025-01-08,93033,False
C00144,2025-09-26,91360,False
C00145,2025-04-26,93065,False
C00146,2025-01-07,91355,True
C00147,2025-02-02,93001,False
C00150,2025-03-01,93063,True
C00156,2025-10-03,93010,False
C00157,2025-05-02,93001,True
C00160,2025-02-14,93030,False
C00161,2025-04-15,93010,True
C00167,2025-10-21,91362,False
C00168,2025-11-11,91320,False
C00172,2025-07-20,93063,False
C00173,2025-11-28,93030,True
C00174,2025-04-09,93030,False
C00176,2025-01-08,,True
C00177,2025-03-28,,False
C00178,2025-07-13,93010,False
C00180,2025-03-28,91320,False
C00182,2025-09-06,93001,False
C00184,2025-10-11,93030,False
C00186,2025-07-04,91311,False
C00188,2025-01-15,93004,True
C00190,2025-09-21,93033,True
C00191,2025-06-20,93030,False
C00193,2025-03-26,93030,True
C00194,2025-06-07,93010,False
C00196,2025-01-03,93004,True
C00198,2025-02-14,93035,False
C00199,2025-07-20,93001,True
C00204,2025-01-12,91381,True
C00207,2025-01-03,,True
C00208,2025-11-28,91320,False
C00213,2025-06-05,91362,True
C00217,2025-07-25,91360,True
C00221,2025-08-10,93063,False
C00222,2025-08-03,93003,False
C00231,2025-08-16,93015,True
C00238,2025-07-03,91311,False
C00239,2025-02-20,91101,True
C00249,2025-09-20,91360,False
C00251,2025-04-01,93003,False
C00263,2025-05-11,93065,False
C00264,2025-07-27,93001,True
C00267,2025-07-09,91362,True
C00268,2025-04-08,93001,True
C00270,2025-07-03,93012,True
C00271,2025-08-06,93004,True
C00272,2025-05-10,90802,True
C00274,2025-04-17,93033,False
C00277,2025-07-20,93001,False
C00279,2025-08-30,90802,False
C00282,2025-12-16,91311,True
C00283,2025-01-17,91311,True
C00286,2025-09-16,93030,False
C00289,2025-03-11,93004,False
C00293,2025-07-04,93033,False
C00294,2025-06-17,91362,True
C00295,2025-05-25,,False
C00296,2025-08-15,93065,False
C00297,2025-11-29,93065,False
C00299,2025-05-11,93001,False
C00302,2025-12-03,93021,True
C00308,2025-07-29,93065,False
C00311,2025-01-03,91362,False
C00312,2025-01-03,91381,False
C00313,2025-08-03,91360,True
C00316,2025-01-10,,False
C00317,2025-07-17,93060,False
C00318,2025-01-19,91355,False
C00319,2025-02-23,93003,True
C00323,2025-03-01,93065,False
C00329,2025-11-15,93001,False
C00330,2025-08-01,91320,True
C00331,2025-12-13,91355,False
C00332,2025-11-02,93001,True
C00333,2025-04-05,93010,False
C00335,2025-05-23,91362,True
C00341,2025-06-08,93036,True
C00343,2025-09-28,,False
C00344,2025-09-27,93033,False
C00346,2025-01-04,93001,False
C00348,2025-07-25,93030,True
C00349,2025-10-04,93060,False
C00350,2025-10-02,93063,True
C00351,2025-08-01,91311,False
C00352,2025-09-12,93010,True
C00353,2025-11-16,93036,False
C00354,2025-05-02,91362,False
C00358,2025-04-11,93030,False
C00360,2025-11-28,93001,False
C00367,2025-12-12,93001,False
C00371,2025-04-04,91381,False
C00372,2025-09-18,91360,True
C00373,2025-01-24,93036,False
C00374,2025-06-26,93003,False
C00375,2025-01-04,93036,True
C00377,2025-01-21,93030,False
C00378,2025-07-25,91360,False
C00380,2025-02-01,,False
C00384,2025-12-02,91355,False
C00385,2025-03-11,93003,False
C00386,2025-04-05,93003,False
C00390,2025-08-21,93030,False
C00392,2025-10-23,93004,True
C00394,2025-04-25,93003,False
C00396,2025-01-10,93015,False
C00398,2025-01-10,,True
C00399,2025-06-12,,False
C00400,2025-06-05,,False
C00401,2025-09-12,93030,False
C00408,2025-08-01,93004,False
C00409,2025-11-02,93001,True
C00412,2025-10-07,91360,False
C00415,2025-10-31,93030,True
C00417,2025-03-18,91381,True
C00422,2025-05-11,93060,True
C00423,2025-07-11,,True
C00424,2025-12-05,93065,True
C00425,2025-11-14,93001,False
C00432,2025-11-28,93003,False
C00435,2025-12-20,93036,True
C00438,2025-07-20,93063,False
C00441,2025-11-13,93030,False
C00442,2025-06-06,93065,True
C00444,2025-10-18,93012,True
C00451,2025-11-21,93060,True
C00453,2025-03-13,91381,False
C00454,2025-11-21,93010,True
C00455,2025-10-31,93030,True
C00456,2025-11-12,93065,True
C00466,2025-08-27,93030,False
C00469,2025-04-16,93033,True
C00471,2025-05-23,93033,False
C00473,2025-01-21,93063,True
C00474,2025-08-22,93001,True
C00475,2025-08-22,93004,True
C00476,2025-01-30,91362,False
C00485,2025-07-03,93035,True
C00488,2025-01-04,93063,True
C00489,2025-03-15,91101,False
C00494,2025-10-02,91311,False
C00495,2025-09-16,93003,False
C00497,2025-03-28,93033,False
C00499,2025-08-01,91360,False
C00500,2025-04-23,93030,False
C00501,2025-07-08,91355,False
C00506,2025-03-07,93033,False
C00507,2025-04-19,93033,False
C00514,2025-05-03,93033,True
C00517,2025-11-14,93004,False
C00519,2025-01-28,93010,True
C00520,2025-03-19,93003,False
C00522,2025-04-18,91362,False
C00524,2025-04-12,91381,False
C00525,2025-01-04,93004,True
C00526,2025-04-27,93015,False
C00533,2025-02-14,93063,False
C00535,2025-03-15,93030,True
C00536,2025-10-03,93001,True
C00540,2025-09-07,93001,False
C00545,2025-04-18,93004,True
C00548,2025-03-19,90802,True
C00551,2025-06-21,unknown,False
C00552,2025-01-10,93012,True
C00556,2025-02-02,unknown,True
C00559,2025-02-07,93035,False
C00563,2025-01-24,93003,False
C00567,2025-07-27,93035,False
C00568,2025-11-28,93012,True
C00569,2025-02-25,unknown,False
C00570,2025-05-17,93030,False
C00571,2025-02-06,93001,False
C00577,2025-02-21,93004,False
C00580,2025-02-14,93010,False
C00583,2025-07-06,93036,True
C00594,2025-05-09,93010,False
C00601,2025-08-02,,False
C00607,2025-07-01,93033,False
C00610,2025-02-22,93012,False
C00615,2025-03-07,93001,True
C00620,2025-09-13,93010,True
C00621,2025-05-09,,False
C00622,2025-02-14,93036,False
C00626,2025-07-12,93010,False
C00628,2025-07-22,91360,True
C00632,2025-09-19,91360,False
C00635,2025-01-29,91362,True
C00636,2025-08-07,93065,True
C00637,2025-03-06,93021,False
C00638,2025-02-04,93030,False
C00639,2025-10-26,93015,False
C00641,2025-09-11,93060,False
C00642,2025-10-07,93004,False
C00644,2025-01-12,93012,True
C00645,2025-10-12,93030,False
C00647,2025-07-12,93015,True
C00648,2025-02-26,91320,False
C00649,2025-08-22,,False
C00654,2025-03-14,93003,True
C00658,2025-07-26,91360,True
C00660,2025-02-02,93001,False
C00661,2025-05-30,93004,True
C00663,2025-05-10,91362,True
C00667,2025-03-02,93012,False
C00670,2025-01-11,91362,False
C00673,2025-06-01,93012,False
C00676,2025-04-05,93003,False
C00679,2025-11-22,93012,True
C00680,2025-07-18,93010,False
C00683,2025-11-28,93065,True
C00685,2025-02-16,91355,False
C00688,2025-04-04,93030,False
C00690,2025-08-14,93065,False
C00691,2025-08-31,93003,True
C00693,2025-08-30,93004,True
C00697,2025-02-07,93063,False
C00698,2025-12-12,93010,False
C00700,2025-10-04,93065,True
C00701,2025-11-02,93021,True
C00703,2025-01-21,93003,True
C00704,2025-05-01,93065,False
C00705,2025-10-17,,True
C00707,2025-10-01,91311,False
C00708,2025-01-11,93015,False
C00710,2025-08-26,,False
C00711,2025-03-05,93012,False
C00713,2025-05-11,93021,False
C00714,2025-12-26,91320,False
C00723,2025-01-24,,True
C00726,2025-03-25,93001,True
C00727,2025-07-19,93030,True
C00728,2025-09-21,93035,True
C00729,2025-01-21,93010,False
C00733,2025-02-21,93010,True
C00734,2025-11-22,91362,False
C00735,2025-10-01,,True
C00737,2025-05-07,93004,True
C00739,2025-03-16,93030,False
C00740,2025-10-21,93036,False
C00742,2025-02-01,93012,True
C00744,2025-09-19,91360,True
C00745,2025-05-29,91301,False
C00747,2025-06-27,93010,False
C00750,2025-03-21,93003,False
C00752,2025-10-26,,False
C00758,2025-02-14,91355,False
C00759,2025-08-01,93015,True
C00761,2025-10-31,93004,False
C00762,2025-03-20,93012,True
C00763,2025-05-02,93033,True
C00767,2025-08-23,,True
C00768,2025-03-30,93063,True
C00771,2025-01-31,93060,True
C00772,2025-07-29,93063,False
C00775,2025-10-31,93060,True
C00776,2025-11-15,93030,False
C00777,2025-07-05,93012,False
C00778,2025-04-18,93001,True
C00781,2025-11-09,93065,True
C00784,2025-01-09,93060,False
C00786,2025-08-23,93012,False
C00789,2025-06-20,93012,False
C00791,2025-06-05,93003,True
C00792,2025-01-04,93030,False
C00797,2025-11-11,93004,True
C00802,2025-12-17,91360,False
C00805,2025-05-10,93030,True
C00812,2025-04-11,93035,True
C00817,2025-12-05,93012,False
C00820,2025-07-23,93063,True
C00826,2025-08-31,93012,True
C00828,2025-07-20,93004,True
C00831,2025-01-12,93063,False
C00832,2025-02-16,91381,False
C00837,2025-09-05,,False
C00839,2025-06-08,unknown,False
C00841,2025-04-24,93004,True
C00844,2025-01-15,91311,False
C00846,2025-05-03,93012,False
C00849,2025-01-31,,True
C00851,2025-06-01,93015,True
C00853,2025-03-23,93033,False
C00856,2025-08-26,91101,False
C00860,2025-10-11,91360,False
C00862,2025-04-17,93036,False
C00864,2025-09-19,93033,False
C00866,2025-01-22,,False
C00868,2025-08-22,93030,False
C00869,2025-01-24,93012,True
C00873,2025-11-11,93021,False
C00881,2025-09-21,93030,False
C00882,2025-03-21,91360,False
C00885,2025-02-27,93003,True
C00886,2025-08-01,93060,False
C00888,2025-06-13,93003,True
C00893,2025-01-10,93065,True
C00894,2025-08-29,93001,True
C00895,2025-08-13,93004,False
C00898,2025-11-15,93003,True
C00899,2025-03-07,93001,True
C00903,2025-08-05,93033,True
C00904,2025-02-18,93015,False
C00907,2025-12-27,90802,False
C00910,2025-06-20,93004,True
C00912,2025-10-11,,False
C00913,2025-02-16,93063,False
C00917,2025-07-20,91360,True
C00919,2025-07-25,93030,False
C00922,2025-02-15,,False
C00927,2025-09-17,93004,True
C00928,2025-04-29,91360,False
C00929,2025-12-20,93060,False
C00930,2025-05-08,93004,False
C00933,2025-11-14,93030,False
C00936,2025-05-13,,True
C00941,2025-06-21,93060,True
C00944,2025-07-24,93035,False
C00945,2025-02-26,91311,False
C00949,2025-12-28,93033,False
C00951,2025-02-27,93065,False
C00952,2025-06-26,93015,True
C00954,2025-12-02,93035,True
C00956,2025-04-27,93010,False
C00957,2025-06-28,93021,False
C00959,2025-01-05,91381,False
C00963,2025-02-28,93065,True
C00964,2025-08-01,93030,True
C00968,2025-06-14,91320,True
C00970,2025-07-18,93010,True
C00971,2025-01-25,91362,True
C00972,2025-12-26,93001,True
C00973,2025-12-27,93010,True
C00978,2025-01-30,93063,False
C00979,2025-11-20,93060,False
C00982,2025-12-10,91360,False
C00986,2025-12-12,93001,False
C00995,2025-04-04,90802,False
C01000,2025-01-11,93035,True
C01001,2025-08-15,93012,True
C01003,2025-01-22,93033,True
C01006,2025-05-11,93003,False
C01012,2025-07-25,93033,False
C01016,2025-11-02,93010,True
C01017,2025-12-20,93065,False
C01018,2025-07-04,93001,False
C01020,2025-02-20,93012,False
C01023,2025-06-08,93004,False
C01029,2025-10-24,93001,False
C01032,2025-01-17,91360,False
C01041,2025-09-21,93033,True
C01045,2025-07-30,93033,True
C01051,2025-02-13,93036,False
C01052,2025-12-23,93003,True
C01053,2025-01-03,91360,True
C01054,2025-01-25,91320,True
C01056,2025-06-27,,False
C01058,2025-07-31,93065,True
C01060,2025-02-07,91362,False
C01061,2025-06-24,91360,False
C01069,2025-09-19,93063,True
C01070,2025-08-17,93010,False
C01071,2025-09-05,93003,False
C01072,2025-08-08,,False
C01081,2025-10-02,93036,True
C01083,2025-01-19,93035,False
C01084,2025-08-02,91362,False
C01085,2025-01-24,,False
C01088,2025-08-17,93001,False
C01091,2025-12-12,93060,True
C01092,2025-08-22,unknown,False
C01094,2025-07-25,91381,True
C01098,2025-06-20,93001,False
C01099,2025-04-18,93063,False
C01103,2025-10-03,93003,False
C01106,2025-05-29,93035,False
C01108,2025-01-08,93060,False
C01116,2025-04-12,93060,True
C01119,2025-04-05,91355,True
C01120,2025-06-11,93033,False
C01133,2025-01-19,93065,True
C01137,2025-11-16,90802,False
C01140,2025-10-04,93033,False
C01143,2025-10-14,93030,False
C01146,2025-02-23,93012,False
C01149,2025-12-11,93003,False
C01151,2025-05-11,91301,True
C01154,2025-01-28,93001,True
C01156,2025-03-27,91381,True
C01157,2025-03-05,93010,True
C01158,2025-10-10,91320,True
C01160,2025-09-16,93030,False
C01167,2025-07-06,93010,False
C01168,2025-10-29,93004,False
C01169,2025-08-14,93035,False
C01172,2025-09-30,91320,False
C01174,2025-08-29,90802,False
C01175,2025-04-11,93010,False
C01179,2025-07-06,93030,True
C01182,2025-06-03,93001,True
C01183,2025-02-19,93030,True
C01184,2025-08-01,93035,True
C01186,2025-05-02,91301,False
C01189,2025-12-18,93060,True
C01201,2025-01-24,93065,False
C01202,2025-12-27,93065,False
C01205,2025-03-29,93030,True
C01210,2025-11-06,93012,False
C01216,2025-01-15,93030,False
C01217,2025-08-02,93003,False
C01218,2025-04-19,93010,False
C01220,2025-11-19,93030,True
C01221,2025-03-15,93003,True
C01222,2025-11-15,93060,True
C01223,2025-01-10,93030,False
C01224,2025-11-21,,False
C01225,2025-10-31,93010,True
C01226,2025-02-16,93033,False
C01234,2025-02-12,91360,False
C01237,2025-06-13,91320,True
C01239,2025-01-23,93021,True
C01240,2025-08-28,,True
C01243,2025-09-27,93010,False
C01245,2025-04-04,91362,False
C01246,2025-09-07,93033,True
C01247,2025-07-18,91360,False
C01251,2025-10-17,93033,True
C01253,2025-12-10,93021,True
C01258,2025-04-05,91362,False
C01259,2025-01-08,,False
C01261,2025-03-14,91360,True
C01262,2025-04-12,91360,False
C01270,2025-09-28,93036,False
C01275,2025-01-10,91362,True
C01277,2025-01-02,93001,True
C01278,2025-05-02,93015,True
C01284,2025-03-04,93065,False
C01285,2025-07-18,93030,False
C01287,2025-09-13,91362,False
C01289,2025-07-20,93001,False
C01291,2025-02-23,91362,False
C01294,2025-11-07,91355,False
C01297,2025-01-10,93035,True
C01298,2025-12-31,93003,True
C01302,2025-03-22,93033,False
C01304,2025-01-18,,True
C01306,2025-08-21,93001,False
C01307,2025-08-29,91311,False
C01308,2025-11-14,93036,False
C01311,2025-04-11,91320,False
C01318,2025-07-03,93021,True
C01322,2025-09-19,93003,False
C01326,2025-02-07,93060,False
C01330,2025-02-02,91360,True
C01331,2025-12-19,93030,False
C01332,2025-06-08,91360,False
C01336,2025-03-07,91360,False
C01341,2025-02-23,91320,True
C01344,2025-12-07,93060,False
C01346,2025-05-10,,False
C01349,2025-02-14,93065,False
C01350,2025-10-24,93030,True
C01353,2025-08-07,91362,True
C01355,2025-01-08,93030,False
C01356,2025-04-25,93033,True
C01359,2025-09-05,,False
C01363,2025-01-10,93003,False
C01364,2025-08-02,93033,True
C01365,2025-04-18,93036,False
C01369,2025-06-28,93036,True
C01380,2025-02-02,93035,False
C01383,2025-03-08,,False
C01385,2025-04-08,93004,False
C01395,2025-05-02,93060,False
C01400,2025-03-08,93001,False
C01404,2025-11-15,93033,False
C01405,2025-12-05,93030,True
C01409,2025-06-03,93012,False
C01414,2025-06-11,91320,False
C01415,2025-09-26,91355,True
C01416,2025-07-18,unknown,False
C01417,2025-04-15,93010,False
C01420,2025-03-20,93035,False
C01425,2025-10-25,91362,False
C01426,2025-02-16,93012,False
C01427,2025-04-01,93001,True
C01431,2025-01-09,93004,False
C01435,2025-09-05,93065,True
C01437,2025-07-20,93063,True
C01440,2025-08-27,91360,False
C01441,2025-01-02,93036,True
C01443,2025-07-19,91362,True
C01445,2025-04-12,93012,True
C01446,2025-01-08,91360,False
C01447,2025-06-28,91311,False
C01448,2025-03-06,93015,False
C01452,2025-03-01,93003,False
C01457,2025-01-26,91381,True
C01463,2025-04-25,93010,True
C01473,2025-04-08,93010,True
C01476,2025-07-06,91301,False
C01478,2025-08-07,93010,False
C01479,2025-07-20,93060,False
C01480,2025-09-21,93033,False
C01481,2025-07-29,93015,False
C01483,2025-11-18,93003,False
C01485,2025-10-10,93003,False
C01486,2025-01-24,93033,True
C01489,2025-10-23,93010,False
C01491,2025-12-16,,True
C01492,2025-01-11,unknown,False
C01495,2025-02-07,93003,False
C01498,2025-04-18,93065,False
C01499,2025-01-03,93012,False
C01500,2025-08-16,91360,False
C01501,2025-02-19,91311,False
C01505,2025-03-15,93035,False
C01511,2025-05-24,93012,True
C01514,2025-11-14,93021,False
C01515,2025-01-09,91362,False
C01516,2025-02-07,91381,True
C01517,2025-02-28,93063,True
C01519,2025-06-28,93036,True
C01520,2025-05-08,91301,True
C01521,2025-02-08,93001,True
C01524,2025-03-07,,False
C01526,2025-12-28,93021,True
C01528,2025-08-30,,False
C01529,2025-03-23,93003,True
C01531,2025-08-26,93001,False
C01532,2025-01-10,93001,True
C01533,2025-11-28,93035,False
C01535,2025-01-08,91360,True
C01536,2025-09-03,93036,False
C01541,2025-01-24,90802,False
C01544,2025-03-01,unknown,True
C01545,2025-07-12,91301,False
C01547,2025-06-13,93001,True
C01549,2025-11-01,91381,False
C01550,2025-02-16,91311,True
C01552,2025-01-23,91360,False
C01553,2025-01-17,93036,False
C01555,2025-01-19,93063,True
C01557,2025-03-27,93063,False
C01560,2025-11-23,93063,False
C01564,2025-02-02,93010,False
C01565,2025-12-28,91362,False
C01566,2025-04-29,93001,False
C01570,2025-06-04,93035,False
C01575,2025-01-31,93010,True
C01576,2025-04-20,,True
C01584,2025-10-29,93030,True
C01589,2025-04-05,93003,True
C01590,2025-03-07,93021,True
C01591,2025-08-15,93003,True
C01592,2025-04-04,,True
C01594,2025-03-14,91381,False
C01598,2025-06-04,93065,True
C01601,2025-01-05,91362,False
C01605,2025-12-27,93035,True
C01606,2025-02-04,93033,True
C01608,2025-04-26,93036,True
C01610,2025-07-04,93033,False
C01611,2025-03-21,93035,True
C01617,2025-09-23,93065,True
C01621,2025-12-05,93001,True
C01623,2025-10-30,93001,False
C01624,2025-01-30,93063,True
C01625,2025-03-09,93033,False
C01629,2025-07-27,93001,True
C01630,2025-12-19,93012,False
C01633,2025-06-29,93063,False
C01634,2025-07-25,93065,False
C01637,2025-10-11,93030,False
C01642,2025-02-14,93001,True
C01645,2025-09-26,91381,True
C01649,2025-08-30,93030,False
C01651,2025-09-10,91101,True
C01654,2025-02-14,93001,True
C01660,2025-03-21,91320,True
C01662,2025-11-29,93001,False
C01665,2025-12-20,93012,False
C01668,2025-12-16,93063,True
C01669,2025-01-14,93012,True
C01672,2025-06-19,93004,False
C01680,2025-09-13,93063,False
C01684,2025-07-19,91362,True
C01685,2025-08-08,91311,True
C01686,2025-10-14,93010,True
C01687,2025-12-24,93065,False
C01688,2025-02-09,91362,False
C01691,2025-02-12,93004,False
C01693,2025-03-08,93033,True
C01695,2025-07-06,93003,False
C01697,2025-07-25,93030,True
C01699,2025-09-16,93065,False
C01702,2025-04-23,91320,False
C01707,2025-10-10,93036,True
C01713,2025-12-06,93036,False
C01716,2025-01-02,93003,False
C01719,2025-07-06,93001,False
C01720,2025-10-08,93001,False
C01721,2025-12-02,93010,True
C01722,2025-08-08,91101,True
C01723,2025-04-05,91362,False
C01725,2025-01-10,,False
C01727,2025-08-21,93063,False
C01728,2025-01-22,91320,False
C01732,2025-01-03,93010,True
C01734,2025-07-18,91355,True
C01735,2025-03-09,93012,False
C01737,2025-10-22,93063,False
C01742,2025-06-28,91362,True
C01744,2025-04-22,93001,False
C01746,2025-02-22,93065,False
C01749,2025-04-04,93001,False
C01750,2025-01-25,93030,False
C01752,2025-01-16,93035,True
C01753,2025-11-26,93012,False
C01758,2025-06-08,91360,False
C01760,2025-05-18,93001,False
C01762,2025-01-04,93001,True
C01763,2025-03-19,93012,True
C01764,2025-06-13,93030,True
C01769,2025-12-20,93003,True
C01770,2025-07-01,90802,False
C01784,2025-01-26,90802,True
C01785,2025-01-04,93030,True
C01786,2025-01-02,93030,False
C01787,2025-07-18,93001,False
C01788,2025-05-30,91362,False
C01790,2025-02-01,93003,True
C01793,2025-08-03,93033,True
C01796,2025-09-12,93033,True
C01798,2025-01-28,93001,True
C01799,2025-01-28,93012,False
C01804,2025-04-19,93004,False
C01805,2025-09-26,93021,False
C01809,2025-08-27,93003,False
C01811,2025-01-17,93065,True
C01812,2025-08-23,93033,False
C01815,2025-01-07,93021,False
C01821,2025-01-05,93001,False
C01822,2025-10-24,93033,False
C01827,2025-05-08,,False
C01829,2025-11-02,93010,False
C01830,2025-11-02,93033,False
C01833,2025-03-01,91381,False
C01834,2025-04-02,,True
C01835,2025-08-22,90802,True
C01837,2025-03-29,93003,True
C01838,2025-01-12,93063,False
C01841,2025-02-15,93036,True
C01843,2025-07-05,93065,True
C01845,2025-07-04,93001,True
C01849,2025-01-23,,False
C01851,2025-10-30,91360,True
C01857,2025-12-07,93030,True
C01862,2025-09-28,93063,False
C01865,2025-01-26,93004,False
C01874,2025-05-08,93012,False
C01877,2025-06-21,91381,True
C01878,2025-02-28,93001,False
C01882,2025-09-16,93021,False
C01883,2025-03-09,91362,False
C01884,2025-10-24,93060,False
C01885,2025-02-19,93003,False
C01886,2025-04-09,91311,False
C01888,2025-05-03,93001,True
C01896,2025-04-05,93063,True
C01898,2025-06-15,91301,True
C01899,2025-01-24,91311,True
C01901,2025-02-08,93060,False
C01908,2025-03-01,93030,True
C01910,2025-03-26,93010,False
C01911,2025-11-15,93012,True
C01912,2025-11-22,93033,True
C01913,2025-04-06,,False
C01915,2025-07-02,93030,True
C01916,2025-01-31,93010,True
C01919,2025-11-14,93030,False
C01923,2025-09-17,91362,False
C01925,2025-07-24,93021,True
C01930,2025-03-30,93010,False
C01931,2025-01-03,93003,False
C01932,2025-01-09,93003,False
C01933,2025-09-19,,False
C01935,2025-01-17,91320,False
C01939,2025-07-12,93060,True
C01940,2025-01-03,91311,True
C01941,2025-10-16,93012,True
C01943,2025-05-17,91301,False
C01945,2025-11-15,93060,False
C01948,2025-04-16,91360,False
C01949,2025-01-26,91301,True
C01952,2025-01-04,93003,True
C01954,2025-08-23,90802,False
C01960,2025-12-28,93001,False
C01961,2025-06-12,93035,False
C01962,2025-04-18,93010,False
C01963,2025-06-01,93001,False
C01969,2025-10-19,91362,False
C01970,2025-09-13,93001,False
C01977,2025-07-25,,False
C01980,2025-02-21,93004,True
C01983,2025-04-12,93010,False
C01984,2025-08-22,91360,True
C01988,2025-01-04,93063,False
C01994,2025-02-27,93003,True
C01995,2025-04-20,91360,False
C01996,2025-03-01,93012,False
C01997,2025-02-09,93015,True
C02002,2025-08-29,93003,False
C02003,2025-01-26,93012,False
C02005,2025-02-01,,True
C02008,2025-02-18,93010,True
C02009,2025-05-30,93004,True
C02015,2025-09-14,91362,False
C02021,2025-10-08,93003,False
C02023,2025-08-30,unknown,True
C02026,2025-05-23,93004,False
C02031,2025-10-21,,True
C02036,2025-01-03,91381,False
C02041,2025-01-07,91362,True
C02042,2025-01-31,93033,False
C02043,2025-05-03,91355,False
C02046,2025-06-17,93001,True
C02047,2025-12-28,93060,False
C02048,2025-10-17,93004,False
C02049,2025-10-17,93010,True
C02051,2025-08-27,93033,False
C02052,2025-10-03,93021,True
C02058,2025-09-11,93004,False
C02059,2025-01-24,93010,True
C02063,2025-06-21,91301,False
C02064,2025-02-02,93003,True
C02067,2025-12-04,93035,False
C02069,2025-01-25,93001,True
C02074,2025-08-01,93035,False
C02076,2025-10-10,93010,False
C02078,2025-01-17,93012,True
C02083,2025-09-28,93063,False
C02084,2025-01-11,93003,True
C02094,2025-07-20,93060,True
C02095,2025-02-07,91362,False
C02097,2025-05-09,91355,True
C02098,2025-05-17,91320,False
C02100,2025-04-12,93004,True
C02101,2025-04-01,,False
C02106,2025-08-02,91320,False
C02110,2025-01-08,93010,True
C02117,2025-06-14,91360,True
C02118,2025-12-21,,True
C02122,2025-09-20,,True
C02123,2025-01-02,91301,True
C02124,2025-05-09,,True
C02128,2025-12-30,93012,False
C02129,2025-01-17,91320,True
C02130,2025-10-31,93004,True
C02131,2025-05-30,93033,True
C02134,2025-11-04,91362,False
C02138,2025-06-07,93063,False
C02140,2025-01-10,93035,False
C02148,2025-02-28,93065,False
C02150,2025-10-17,93060,True
C02152,2025-07-25,93001,True
C02156,2025-01-11,93030,False
C02160,2025-02-27,93003,True
C02161,2025-01-04,90802,False
C02162,2025-02-14,93003,True
C02164,2025-05-11,91301,False
C02169,2025-12-27,93012,False
C02172,2025-11-19,91311,True
C02173,2025-03-28,93065,False
C02175,2025-01-17,93036,False
C02176,2025-10-24,91381,False
C02177,2025-07-06,93063,False
C02178,2025-08-22,93003,False
C02179,2025-11-01,91311,True
C02189,2025-11-25,91301,True
C02190,2025-01-26,93001,False
C02194,2025-08-16,93033,True
C02196,2025-07-16,91360,False
C02201,2025-03-29,93001,True
C02202,2025-04-26,91355,False
C02205,2025-06-08,93012,False
C02206,2025-09-03,91360,False
C02210,2025-08-19,93010,True
C02216,2025-01-11,,True
C02219,2025-12-28,93063,False
C02221,2025-07-18,unknown,False
C02223,2025-07-11,93010,False
C02224,2025-01-24,93001,True
C02225,2025-06-06,93033,False
C02226,2025-05-11,93004,True
C02228,2025-04-13,91320,True
C02231,2025-02-14,93033,False
C02241,2025-01-07,93033,True
C02244,2025-10-16,93004,True
C02246,2025-10-02,93033,True
C02247,2025-12-11,91355,True
C02249,2025-11-01,93033,False
C02250,2025-10-14,93060,False
C02251,2025-08-24,91360,False
C02257,2025-01-18,91355,False
C02258,2025-02-01,93060,False
C02264,2025-06-29,93063,True
C02267,2025-05-04,91362,False
C02271,2025-01-25,93003,False
C02273,2025-04-26,93012,False
C02275,2025-07-25,93065,False
C02277,2025-02-22,93003,False
C02282,2025-01-11,90802,True
C02285,2025-08-23,91101,True
C02286,2025-01-10,93033,True
C02289,2025-06-03,91320,True
C02290,2025-08-22,93003,True
C02294,2025-01-05,93010,False
C02298,2025-12-13,93033,True
C02299,2025-05-02,93003,True
C02300,2025-02-21,93010,False
C02305,2025-01-18,,False
C02308,2025-04-02,93001,False
C02310,2025-06-14,,False
C02311,2025-02-15,,False
C02314,2025-04-18,93063,True
C02316,2025-06-17,93004,True
C02317,2025-09-05,93063,True
C02319,2025-12-06,93001,False
C02323,2025-05-10,91301,False
C02327,2025-10-03,93010,True
C02328,2025-06-17,93035,True
C02329,2025-01-31,93030,False
C02331,2025-01-15,93015,False
C02334,2025-03-14,,True
C02342,2025-01-05,93063,True
C02344,2025-09-27,93030,True
C02346,2025-05-07,93010,True
C02347,2025-10-03,93060,False
C02348,2025-01-17,91101,False
C02349,2025-08-02,91362,True
C02356,2025-03-07,93010,False
C02359,2025-05-25,93036,False
C02360,2025-02-08,91362,True
C02361,2025-02-26,91360,False
C02362,2025-05-02,93010,True
C02364,2025-05-29,93003,False
C02367,2025-02-08,93065,True
C02372,2025-11-15,91362,False
C02376,2025-07-09,91360,True
C02377,2025-06-27,93036,False
C02379,2025-02-01,91362,True
C02382,2025-02-22,93033,True
C02392,2025-06-21,93004,False
C02398,2025-08-02,93065,True
C02399,2025-07-25,93004,True
C02404,2025-01-09,93003,False
C02406,2025-03-28,93035,True
C02408,2025-03-29,93003,True
C02409,2025-08-22,,False
C02411,2025-06-29,93004,False
C02413,2025-11-07,93065,False
C02415,2025-11-20,93063,False
C02419,2025-11-01,93035,True
C02424,2025-04-11,,True
C02427,2025-06-03,93065,True
C02428,2025-07-05,93065,False
C02430,2025-08-22,unknown,False
C02436,2025-05-30,93003,False
C02437,2025-03-07,91360,False
C02438,2025-02-02,93036,False
C02439,2025-07-13,93065,False
C02446,2025-10-10,93063,False
C02449,2025-12-11,91320,False
C02450,2025-01-15,91362,False
C02458,2025-09-18,unknown,True
C02459,2025-03-09,93063,True
C02465,2025-10-29,93060,True
C02466,2025-01-24,91301,False
C02467,2025-04-17,93004,False
C02474,2025-06-04,91355,False
C02475,2025-01-17,93012,False
C02476,2025-01-02,93010,True
C02477,2025-01-30,91362,True
C02478,2025-07-26,93030,True
C02487,2025-01-05,91320,False
C02488,2025-01-28,93015,False
C02490,2025-07-17,,False
C02491,2025-08-29,93033,False
C02501,2025-12-12,93065,True
C02504,2025-03-28,,False
C02505,2025-09-20,93003,True
C02509,2025-10-09,93015,False
C02510,2025-01-02,93003,False
C02512,2025-09-04,93001,False
C02516,2025-12-13,91360,False
C02517,2025-04-08,93033,True
C02523,2025-06-20,93001,False
C02533,2025-09-11,93030,False
C02535,2025-07-15,93035,False
C02538,2025-05-25,91360,False
C02541,2025-02-23,93004,False
C02543,2025-08-03,93030,False
C02548,2025-06-13,93060,True
C02549,2025-09-12,93033,False
C02558,2025-07-25,93030,True
C02560,2025-06-26,93030,True
C02566,2025-06-15,91360,False
C02567,2025-11-01,93021,True
C02568,2025-06-07,93030,True
C02570,2025-05-04,91355,False
C02572,2025-10-25,,False
C02574,2025-10-03,93012,False
C02578,2025-07-20,93033,False
C02583,2025-01-25,93004,True
C02584,2025-01-03,93036,True
C02585,2025-01-12,93001,True
C02591,2025-04-04,93001,False
C02595,2025-02-28,93010,True
C02606,2025-06-20,93030,True
C02607,2025-04-20,93036,False
C02608,2025-08-01,91360,True
C02609,2025-07-13,93004,False
C02610,2025-03-28,93004,False
C02612,2025-03-08,91381,False
C02615,2025-05-13,93035,True
C02617,2025-03-23,91362,True
C02620,2025-09-06,93065,False
C02621,2025-10-19,93065,False
C02623,2025-11-19,93004,True
C02627,2025-01-16,93004,False
C02628,2025-10-25,91101,False
C02630,2025-08-15,91362,True
C02631,2025-01-12,90802,True
C02632,2025-08-12,,False
C02638,2025-02-20,91320,True
C02641,2025-12-23,93012,False
C02642,2025-07-04,93060,False
C02645,2025-03-16,91362,True
C02646,2025-08-10,93001,False
C02648,2025-11-14,93001,False
C02649,2025-10-17,93003,False
C02650,2025-03-22,93033,False
C02652,2025-07-23,93035,False
C02654,2025-11-21,93012,False
C02657,2025-07-05,unknown,False
C02658,2025-04-08,93065,False
C02659,2025-01-02,93003,True
C02660,2025-08-28,91362,True
C02661,2025-02-08,91320,False
C02663,2025-02-23,93063,False
C02664,2025-12-27,93021,True
C02665,2025-11-19,93003,False
C02666,2025-05-31,,False
C02676,2025-02-01,93010,False
C02678,2025-09-28,93001,False
C02685,2025-02-20,93030,True
C02687,2025-11-01,93015,True
C02689,2025-10-17,93021,True
C02693,2025-12-20,91362,False
C02696,2025-01-31,93001,True
C02700,2025-07-04,93021,False
C02702,2025-07-19,93036,False
C02703,2025-10-10,91320,False
C02704,2025-04-05,93003,False
C02705,2025-02-15,91360,False
C02707,2025-04-11,93010,False
C02711,2025-09-16,93030,False
C02713,2025-02-01,93030,True
C02714,2025-02-09,93030,True
C02716,2025-03-15,93033,True
C02717,2025-03-04,90802,False
C02719,2025-12-05,91381,True
C02721,2025-11-07,93030,False
C02726,2025-04-05,93035,False
C02728,2025-08-10,93021,True
C02732,2025-12-13,93003,True
C02736,2025-05-31,93021,False
C02737,2025-10-25,93030,True
C02739,2025-06-22,93012,False
C02740,2025-05-08,93012,False
C02741,2025-05-13,93035,True
C02745,2025-07-19,93001,False
C02749,2025-05-25,93033,False
C02754,2025-07-26,91301,True
C02756,2025-03-29,93001,False
C02760,2025-12-18,93035,False
C02761,2025-11-29,91381,False
C02763,2025-12-28,93004,True
C02765,2025-01-24,,True
C02766,2025-04-06,93003,False
C02767,2025-07-16,93060,False
C02768,2025-12-04,93060,False
C02769,2025-07-12,93065,False
C02771,2025-01-11,93010,True
C02772,2025-10-11,93012,False
C02774,2025-04-17,93065,True
C02775,2025-10-22,93030,False
C02776,2025-01-08,93065,False
C02781,2025-09-05,93001,True
C02782,2025-10-30,93001,True
C02783,2025-05-30,93001,False
C02785,2025-05-02,93004,True
C02787,2025-02-04,93035,False
C02789,2025-11-01,93001,False
C02790,2025-05-16,93001,False
C02792,2025-04-05,93060,True
C02793,2025-06-28,93030,False
C02795,2025-02-08,91381,False
C02801,2025-02-01,93063,False
C02803,2025-01-04,93010,True
C02804,2025-11-14,93036,False
C02805,2025-09-19,93030,True
C02806,2025-05-17,91101,True
C02807,2025-04-30,93035,False
C02808,2025-11-30,93015,False
C02812,2025-12-21,91381,False
C02816,2025-06-13,93035,False
C02817,2025-01-23,93060,True
C02818,2025-04-29,93010,False
C02821,2025-10-03,93036,True
C02823,2025-01-02,93063,True
C02829,2025-01-09,93015,False
C02833,2025-03-22,91311,False
C02834,2025-06-04,93010,False
C02835,2025-12-19,91355,False
C02838,2025-07-08,93015,True
C02839,2025-05-31,93012,False
C02840,2025-10-11,91362,True
C02842,2025-02-08,93030,False
C02845,2025-08-14,91360,True
C02849,2025-10-25,91301,False
C02851,2025-08-01,93065,False
C02852,2025-05-02,93033,False
C02855,2025-06-11,93010,False
C02863,2025-05-16,93021,False
C02864,2025-12-12,91362,True
C02866,2025-01-08,91362,True
C02872,2025-02-15,93021,False
C02873,2025-06-29,91360,True
C02876,2025-01-05,93004,True
C02877,2025-07-23,91381,True
C02878,2025-04-19,93004,False
C02880,2025-01-05,93003,True
C02881,2025-04-08,91381,True
C02882,2025-01-18,93033,True
C02883,2025-06-14,93036,False
C02884,2025-03-07,93030,False
C02888,2025-08-07,93036,False
C02889,2025-03-09,93004,True
C02890,2025-07-25,93030,True
C02891,2025-08-13,93033,True
C02894,2025-01-02,,False
C02895,2025-02-23,93035,False
C02900,2025-07-27,93003,False
C02905,2025-05-11,93003,False
C02908,2025-02-08,93010,True
C02909,2025-02-08,93030,False
C02912,2025-05-31,93010,True
C02917,2025-06-20,93010,True
C02919,2025-07-04,91362,True
C02922,2025-01-17,93012,True
C02924,2025-01-03,93030,False
C02925,2025-09-05,93030,True
C02929,2025-05-15,91381,False
C02931,2025-05-25,91101,False
C02936,2025-08-30,91362,False
C02938,2025-03-25,93065,True
C02940,2025-01-04,93004,True
C02947,2025-09-05,93063,False
C02950,2025-04-18,93035,False
C02951,2025-08-17,93004,True
C02952,2025-01-18,91381,False
C02953,2025-05-27,91360,True
C02957,2025-07-29,93036,True
C02958,2025-05-16,93030,True
C02959,2025-01-24,93065,True
C02962,2025-01-10,93021,False
C02965,2025-03-22,91320,True
C02967,2025-05-22,93021,False
C02968,2025-07-19,93030,True
C02971,2025-07-05,93063,False
C02973,2025-03-07,93036,True
C02975,2025-08-16,91360,False
C02979,2025-08-02,91362,False
C02981,2025-08-08,91311,False
C02983,2025-03-21,91362,True
C02985,2025-09-05,91301,True
C02989,2025-11-08,91362,True
C02991,2025-02-28,93033,False
C02995,2025-01-21,93003,False
C02997,2025-01-24,93003,False
C02998,2025-01-02,93001,True
C02999,2025-07-20,91301,False
C03001,2025-05-02,93001,False
C03002,2025-07-11,93033,False
C03003,2025-12-20,93010,True
C03008,2025-01-02,93010,True
C03009,2025-08-09,91360,True
C03010,2025-02-14,93004,False
C03011,2025-05-09,93012,True
C03014,2025-06-20,93004,False
C03021,2025-06-20,93033,False
C03022,2025-09-05,93030,False
C03029,2025-09-02,93021,False
C03031,2025-09-11,,False
C03032,2025-05-11,93030,True
C03033,2025-03-09,93010,True
C03034,2025-08-07,93060,True
C03036,2025-08-02,93015,False
C03038,2025-01-03,93012,True
C03039,2025-10-15,93030,True
C03040,2025-04-01,93036,False
C03044,2025-06-29,93001,False
C03046,2025-01-10,93033,False
C03048,2025-04-05,93012,False
C03051,2025-03-20,91362,False
C03052,2025-03-28,93030,True
C03054,2025-01-26,93010,False
C03056,2025-01-05,93033,False
C03058,2025-02-01,91301,True
C03059,2025-07-26,93001,True
C03063,2025-01-17,,True
C03064,2025-11-28,93065,False
C03071,2025-07-06,93063,True
C03073,2025-06-19,93001,False
C03080,2025-03-21,93001,True
C03085,2025-08-16,93065,False
C03086,2025-05-02,93036,False
C03098,2025-02-07,,False
C03099,2025-03-05,91360,True
C03100,2025-11-30,93012,True
C03101,2025-05-16,93003,False
C03102,2025-04-01,91320,True
C03109,2025-12-12,,True
C03113,2025-04-16,93004,False
C03119,2025-09-16,93004,True
C03120,2025-10-24,93021,True
C03123,2025-07-13,unknown,False
C03125,2025-09-17,93004,True
C03126,2025-07-08,93060,True
C03130,2025-11-23,91355,False
C03133,2025-01-19,93012,True
C03137,2025-12-17,93001,False
C03138,2025-06-21,93063,True
C03140,2025-02-09,93003,False
C03143,2025-12-19,93012,False
C03145,2025-11-09,93036,False
C03146,2025-07-25,93001,False
C03150,2025-08-24,91360,True
C03151,2025-06-05,93010,True
C03152,2025-12-07,93010,False
C03154,2025-03-29,91301,True
C03156,2025-07-01,91320,False
C03157,2025-01-04,93033,True
C03160,2025-05-28,93012,False
C03161,2025-08-15,93033,False
C03163,2025-01-03,93030,True
C03164,2025-03-15,93010,False
C03166,2025-07-11,93065,False
C03169,2025-02-14,93063,True
C03170,2025-08-30,93036,False
C03172,2025-11-02,91355,False
C03175,2025-08-09,93004,False
C03177,2025-07-08,93010,False
C03179,2025-08-15,93015,True
C03181,2025-03-21,93010,False
C03182,2025-01-24,93003,True
C03186,2025-01-18,93021,True
C03188,2025-07-18,93065,False
C03198,2025-05-07,91301,True
C03204,2025-01-10,93030,False
C03207,2025-09-26,91320,True
C03208,2025-05-03,93036,True
C03210,2025-10-15,93015,True
C03213,2025-04-06,93003,False
C03214,2025-10-07,93010,False
C03218,2025-01-10,91381,True
C03220,2025-06-08,93003,False
C03221,2025-04-29,91360,True
C03222,2025-12-07,91362,False
C03223,2025-09-21,,False
C03225,2025-05-18,93003,True
C03226,2025-02-01,91362,False
C03227,2025-08-09,93063,False
C03238,2025-01-05,93035,True
C03243,2025-09-28,93004,False
C03248,2025-10-17,91381,False
C03250,2025-03-30,93004,False
C03253,2025-02-07,93001,True
C03255,2025-10-03,,True
C03263,2025-07-22,93060,True
C03266,2025-07-19,91381,True
C03267,2025-01-04,93012,True
C03270,2025-01-31,93063,True
C03273,2025-06-27,,False
C03275,2025-07-20,93012,False
C03278,2025-11-26,93030,False
C03279,2025-02-21,93033,False
C03280,2025-06-26,93033,True
C03281,2025-01-03,91360,False
C03282,2025-02-25,,True
C03283,2025-07-02,91362,True
C03285,2025-12-27,91360,True
C03288,2025-04-04,93065,False
C03296,2025-07-04,93012,False
C03297,2025-05-07,93035,False
C03298,2025-01-03,91362,False
C03299,2025-03-18,91360,False
C03300,2025-08-23,93004,True
C03307,2025-08-03,93001,True
C03308,2025-01-12,91360,True
C03309,2025-09-25,93036,False
C03310,2025-10-19,93004,True
C03318,2025-02-08,91320,True
C03322,2025-11-20,91320,False
C03324,2025-11-09,93003,False
C03327,2025-01-31,93003,False
C03332,2025-01-05,91360,True
C03333,2025-10-31,93010,True
C03334,2025-11-15,93001,True
C03339,2025-01-12,unknown,True
C03343,2025-01-14,93001,True
C03350,2025-01-15,91360,False
C03355,2025-01-09,93001,False
C03357,2025-02-14,93010,False
C03358,2025-11-21,93001,False
C03362,2025-06-13,93021,False
C03365,2025-01-05,93001,False
C03367,2025-03-12,93065,False
C03370,2025-08-24,91301,False
C03372,2025-07-11,91301,True
C03373,2025-10-11,93003,False
C03378,2025-06-13,93035,False
C03380,2025-10-31,93030,False
C03381,2025-02-11,93063,True
C03383,2025-03-26,93036,False
C03384,2025-04-20,91311,False
C03386,2025-02-05,91101,False
C03387,2025-08-09,93004,False
C03390,2025-12-23,,True
C03394,2025-05-11,91362,True
C03395,2025-01-31,93035,False
C03398,2025-03-29,,True
C03399,2025-10-19,93065,False
C03401,2025-01-04,93033,True
C03402,2025-01-09,93065,False
C03403,2025-12-05,93035,False
C03408,2025-06-13,91355,True
C03414,2025-04-09,93035,True
C03419,2025-01-05,93033,True
C03420,2025-09-20,91362,False
C03421,2025-03-04,93003,False
C03422,2025-07-11,91362,False
C03424,2025-01-11,93015,False
C03425,2025-06-20,93030,True
C03428,2025-02-06,91360,False
C03431,2025-04-25,93065,False
C03432,2025-10-31,93060,False
C03434,2025-03-22,91320,True
C03435,2025-07-04,93060,True
C03439,2025-09-20,91362,True
C03441,2025-03-26,93001,True
C03442,2025-08-01,91360,True
C03443,2025-06-20,91320,True
C03444,2025-09-09,93036,False
C03445,2025-10-28,93003,False
C03452,2025-12-18,93030,False
C03458,2025-04-27,91301,False
C03460,2025-04-11,91301,False
C03461,2025-10-03,93065,False
C03463,2025-01-15,93033,True
C03464,2025-07-23,93012,True
C03465,2025-01-31,93030,False
C03467,2025-06-01,91381,False
C03471,2025-10-09,93010,False
C03474,2025-02-02,93012,False
C03484,2025-06-17,91360,False
C03489,2025-12-26,91320,True
C03492,2025-04-03,93065,True
C03499,2025-10-04,93030,False
C03501,2025-07-19,93012,False
C03502,2025-02-23,91320,False
C03503,2025-05-16,93030,True
C03512,2025-10-18,93035,False
C03515,2025-04-02,93021,False
C03522,2025-02-28,93065,False
C03523,2025-04-25,93012,True
C03537,2025-08-12,93033,True
C03538,2025-12-02,91320,False
C03540,2025-08-02,91360,False
C03543,2025-09-05,93030,False
C03546,2025-04-10,93036,False
C03553,2025-08-06,93001,False
C03554,2025-08-20,93035,False
C03558,2025-12-06,93012,False
C03562,2025-06-13,93035,False
C03572,2025-08-15,93001,True
C03575,2025-01-03,93036,False
C03578,2025-02-14,91362,True
C03579,2025-10-31,93036,False
C03583,2025-03-22,91362,False
C03590,2025-11-25,93021,True
C03594,2025-02-07,91360,True
C03596,2025-07-19,93004,False
C03599,2025-03-05,,False
C03607,2025-09-24,93004,True
C03609,2025-07-20,93063,True
C03613,2025-06-13,93063,False
C03617,2025-08-31,93030,False
C03618,2025-12-06,93001,True
C03620,2025-12-28,93033,False
C03622,2025-01-18,91311,True
C03624,2025-01-05,93030,False
C03630,2025-12-11,93030,True
C03632,2025-02-07,93033,False
C03634,2025-04-01,91320,False
C03636,2025-01-09,93010,True
C03639,2025-06-21,93012,False
C03643,2025-11-02,93036,False
C03647,2025-01-15,93001,False
C03649,2025-07-31,,True
C03650,2025-07-23,93012,False
C03651,2025-03-01,93010,True
C03652,2025-10-30,93033,True
C03654,2025-06-17,93021,True
C03657,2025-11-28,91355,True
C03661,2025-02-02,93001,True
C03662,2025-12-26,93004,False
C03663,2025-10-30,93036,False
C03665,2025-02-28,91320,True
C03668,2025-09-26,93035,True
C03670,2025-01-31,93010,False
C03677,2025-02-12,91320,False
C03679,2025-04-11,93063,True
C03685,2025-04-23,93033,True
C03686,2025-01-04,91381,True
C03689,2025-01-29,93010,False
C03694,2025-07-19,93004,False
C03696,2025-07-16,90802,False
C03699,2025-03-28,93060,True
C03700,2025-08-08,93001,False
C03702,2025-08-03,93035,True
C03705,2025-07-18,93060,True
C03708,2025-01-08,91355,False
C03711,2025-01-03,,False
C03712,2025-11-29,93010,False
C03714,2025-07-02,93065,False
C03715,2025-08-06,91301,False
C03716,2025-06-13,93030,False
C03720,2025-12-11,91362,False
C03723,2025-08-16,91320,False
C03725,2025-08-03,93010,False
C03726,2025-10-05,93063,False
C03730,2025-08-22,91301,False
C03734,2025-03-21,93003,False
C03735,2025-06-26,93003,True
C03737,2025-04-27,93010,True
C03744,2025-06-15,93030,False
C03750,2025-07-19,93030,True
C03755,2025-09-07,93004,False
C03756,2025-07-27,93001,False
C03757,2025-11-14,93033,True
C03760,2025-08-01,93063,True
C03761,2025-08-02,93010,False
C03763,2025-01-23,93035,True
C03764,2025-02-14,91360,True
C03765,2025-04-02,93030,True
C03767,2025-01-25,90802,False
C03773,2025-05-23,93010,False
C03774,2025-05-08,93065,False
C03778,2025-10-17,93036,True
C03780,2025-05-23,93010,False
C03781,2025-07-11,91362,True
C03782,2025-09-27,93001,False
C03787,2025-05-22,90802,False
C03791,2025-06-27,93001,True
C03792,2025-08-30,91360,False
C03794,2025-12-24,,True
C03796,2025-11-12,91360,False
C03797,2025-03-28,91320,False
C03798,2025-11-20,93063,False
C03799,2025-05-09,91355,False
C03800,2025-12-13,93012,True
C03801,2025-05-18,93003,True
C03804,2025-02-21,93021,True
C03805,2025-08-31,93065,True
C03806,2025-02-28,93001,True
C03807,2025-10-29,93003,False
C03810,2025-01-04,91362,False
C03812,2025-06-03,91362,True
C03814,2025-09-30,93063,True
C03815,2025-05-11,93060,False
C03817,2025-12-09,93004,False
C03818,2025-12-26,91360,True
C03823,2025-01-19,91362,False
C03824,2025-10-31,93003,True
C03826,2025-01-17,,False
C03827,2025-01-05,93012,True
C03828,2025-02-16,93063,False
C03830,2025-09-26,93035,False
C03831,2025-11-14,93003,False
C03832,2025-01-15,93033,False
C03834,2025-03-06,93021,False
C03835,2025-02-08,93004,True
C03837,2025-07-03,93010,False
C03838,2025-11-14,93003,True
C03839,2025-01-26,93030,False
C03844,2025-10-03,91360,False
C03846,2025-12-27,91360,False
C03847,2025-11-05,93065,False
C03850,2025-05-23,93036,True
C03852,2025-12-26,91101,True
C03855,2025-11-01,91311,False
C03856,2025-06-21,93033,True
C03857,2025-10-14,93035,False
C03862,2025-09-06,93035,True
C03864,2025-05-27,91362,False
C03869,2025-01-23,91362,False
C03870,2025-09-03,93004,False
C03873,2025-01-03,93033,True
C03874,2025-01-08,93033,True
C03875,2025-03-07,,False
C03876,2025-08-16,,False
C03879,2025-03-29,93021,True
C03885,2025-08-02,93015,False
C03886,2025-08-07,93012,True
C03889,2025-01-10,90802,False
C03892,2025-07-29,93012,False
C03893,2025-04-05,93001,False
C03894,2025-04-04,93003,False
C03896,2025-02-07,93033,False
C03900,2025-02-15,93036,True
C03901,2025-09-06,93021,True
C03903,2025-11-07,91355,False
C03908,2025-02-27,91362,False
C03909,2025-10-25,93001,False
C03910,2025-01-10,93001,False
C03912,2025-01-25,90802,False
C03921,2025-01-12,91360,True
C03935,2025-01-16,93033,False
C03940,2025-05-02,93001,True
C03946,2025-02-18,93065,False
C03947,2025-11-07,91301,True
C03950,2025-01-24,93010,True
C03952,2025-11-23,91362,False
C03959,2025-04-26,93021,True
C03962,2025-02-02,93060,True
C03966,2025-10-31,93015,True
C03968,2025-03-29,91320,True
C03970,2025-01-31,93003,True
C03971,2025-04-02,93063,False
C03972,2025-10-05,91355,True
C03974,2025-09-12,93004,True
C03975,2025-09-26,93010,True
C03976,2025-02-09,93015,True
C03977,2025-11-30,90802,True
C03978,2025-06-04,91355,True
C03981,2025-07-10,93003,True
C03987,2025-03-08,91355,True
C03990,2025-03-07,93012,False
C03991,2025-02-27,93030,False
C03993,2025-02-07,,True
C03996,2025-08-01,91355,True
C03999,2025-07-26,91362,False
C04003,2025-02-18,93003,False
C04006,2025-08-15,93003,True
C04010,2025-12-06,93030,False
C04014,2025-07-10,93065,True
C04015,2025-04-16,93021,False
C04016,2025-04-09,93033,False
C04017,2025-02-21,93021,True
C04018,2025-09-20,93035,False
C04021,2025-08-03,91360,True
C04024,2025-11-22,93036,False
C04026,2025-08-16,93010,False
C04027,2025-07-20,91360,False
C04030,2025-07-13,93036,False
C04033,2025-10-15,93030,False
C04034,2025-08-15,90802,False
C04037,2025-05-11,93001,False
C04038,2025-04-11,93003,False
C04042,2025-06-01,93030,False
C04046,2025-03-11,91355,True
C04047,2025-06-20,93063,True
C04048,2025-07-04,93063,True
C04051,2025-06-08,,False
C04053,2025-04-26,93065,False
C04055,2025-07-10,93035,False
C04057,2025-12-26,93001,True
C04063,2025-08-24,93030,True
C04064,2025-01-03,91320,False
C04067,2025-04-01,93063,True
C04072,2025-07-24,91355,False
C04074,2025-07-10,91360,True
C04075,2025-10-24,93001,True
C04077,2025-12-31,93030,False
C04078,2025-02-01,93004,False
C04082,2025-07-13,93035,True
C04083,2025-03-22,93063,False
C04084,2025-07-13,93010,False
C04087,2025-03-16,93033,False
C04089,2025-01-08,91320,True
C04094,2025-05-06,93012,True
C04095,2025-08-01,93010,True
C04098,2025-12-06,93036,False
C04101,2025-12-18,93035,True
C04104,2025-03-26,93036,False
C04106,2025-01-22,93001,True
C04107,2025-08-29,93001,False
C04110,2025-12-26,93003,False
C04113,2025-03-28,93063,False
C04118,2025-07-19,93004,False
C04124,2025-06-11,93065,False
C04125,2025-05-09,93033,False
C04126,2025-08-15,93060,True
C04127,2025-01-12,93036,False
C04138,2025-05-11,93004,False
C04140,2025-01-17,91360,False
C04145,2025-05-09,93063,False
C04146,2025-11-13,93012,True
C04148,2025-06-20,93030,False
C04150,2025-01-25,93030,False
C04156,2025-01-05,93015,True
C04158,2025-08-19,93063,True
C04159,2025-02-15,91355,False
C04161,2025-01-25,91355,False
C04163,2025-12-21,93065,False
C04167,2025-03-08,91381,True
C04172,2025-09-14,91360,False
C04173,2025-02-02,93010,False
C04174,2025-09-07,93010,True
C04175,2025-03-15,93021,False
C04180,2025-06-27,93030,False
C04182,2025-12-06,91362,True
C04186,2025-03-14,93063,False
C04189,2025-11-22,93012,True
C04191,2025-09-14,93063,True
C04192,2025-05-29,93004,False
C04194,2025-01-04,93030,False
C04195,2025-04-25,93033,True
C04199,2025-03-12,93001,True
C04200,2025-06-20,93035,True
C04201,2025-02-20,93001,True
C04203,2025-01-24,,True
C04205,2025-02-11,,False
C04206,2025-08-02,93003,False
C04207,2025-12-16,93063,True
C04210,2025-05-21,91362,True
C04211,2025-06-15,93004,False
C04213,2025-06-07,93003,False
C04217,2025-10-31,93004,False
C04218,2025-03-16,93004,True
C04220,2025-02-15,93065,False
C04221,2025-02-28,93060,True
C04223,2025-01-08,,False
C04224,2025-01-07,,True
C04228,2025-12-31,93012,True
C04229,2025-08-01,93012,False
C04230,2025-02-25,93003,True
C04232,2025-05-03,91355,True
C04236,2025-08-31,93010,True
C04238,2025-03-09,93033,False
C04240,2025-05-11,93063,False
C04245,2025-05-30,93001,False
C04247,2025-09-04,93033,False
C04249,2025-12-07,90802,True
C04253,2025-07-19,93033,True
C04255,2025-09-19,91355,False
C04256,2025-08-03,93004,True
C04259,2025-06-24,91362,False
C04263,2025-01-17,93015,True
C04264,2025-02-01,93010,False
C04267,2025-01-29,90802,False
C04268,2025-08-31,93033,False
C04269,2025-07-26,91301,False
C04270,2025-08-17,93003,False
C04272,2025-08-01,93033,False
C04279,2025-07-26,93033,True
C04281,2025-02-07,93021,True
C04285,2025-02-21,91360,False
C04286,2025-03-29,93001,True
C04292,2025-11-28,93003,True
C04295,2025-01-03,93003,False
C04296,2025-08-03,91320,False
C04298,2025-11-28,93060,False
C04299,2025-08-30,93003,False
C04303,2025-05-31,unknown,False
C04305,2025-01-24,93012,True
C04306,2025-02-16,91362,True
C04311,2025-08-15,93063,False
C04312,2025-10-10,93010,False
C04315,2025-01-02,93063,True
C04317,2025-11-30,unknown,False
C04318,2025-04-05,93001,False
C04319,2025-01-12,93012,False
C04323,2025-02-22,93012,False
C04331,2025-03-16,93001,True
C04334,2025-07-25,93063,False
C04336,2025-04-02,93033,True
C04337,2025-05-28,93001,True
C04339,2025-01-05,93033,False
C04340,2025-05-24,93063,False
C04345,2025-01-04,93003,False
C04346,2025-09-26,93065,False
C04347,2025-08-02,91362,False
C04349,2025-04-04,93033,False
C04351,2025-05-02,91381,True
C04352,2025-02-08,93065,True
C04353,2025-09-27,91320,False
C04357,2025-07-19,93036,False
C04358,2025-07-15,93030,False
C04360,2025-07-05,93033,False
C04365,2025-05-24,93012,False
C04366,2025-01-12,91311,True
C04369,2025-12-24,91362,True
C04371,2025-12-26,93010,True
C04374,2025-08-06,93004,True
C04379,2025-12-26,91381,False
C04380,2025-04-18,91360,True
C04382,2025-12-30,91301,False
C04383,2025-06-20,,True
C04396,2025-02-14,93065,False
C04397,2025-01-08,93035,True
C04400,2025-02-06,91355,False
C04403,2025-09-28,93065,True
C04414,2025-10-03,91362,True
C04415,2025-07-20,93065,True
C04416,2025-06-25,91320,False
C04417,2025-08-01,93003,False
C04419,2025-10-12,93001,True
C04421,2025-01-31,93065,False
C04426,2025-01-10,93001,False
C04427,2025-05-04,91301,True
C04428,2025-08-22,93004,True
C04431,2025-03-02,91101,False
C04432,2025-08-23,93065,False
C04436,2025-01-31,93003,False
C04437,2025-07-31,91360,False
C04439,2025-07-12,93010,True
C04442,2025-11-18,93035,False
C04446,2025-11-11,93004,False
C04449,2025-04-20,91355,False
C04451,2025-07-11,93003,False
C04452,2025-04-13,91355,False
C04456,2025-08-03,91362,False
C04459,2025-03-27,93060,True
C04463,2025-04-16,93001,False
C04464,2025-12-19,93065,False
C04466,2025-01-30,91320,True
C04467,2025-07-03,93001,True
C04470,2025-11-01,93003,True
C04471,2025-04-03,93030,False
C04472,2025-05-10,,True
C04473,2025-01-24,91360,False
C04478,2025-01-03,93065,True
C04484,2025-07-18,91311,True
C04486,2025-01-17,93015,True
C04493,2025-02-02,91362,False
C04494,2025-01-04,91360,True
C04495,2025-10-08,91320,True
C04499,2025-04-26,93012,False
C04500,2025-11-21,93065,False
C04501,2025-06-08,93033,True
C04502,2025-01-28,93033,False
C04503,2025-05-07,93015,False
C04505,2025-11-13,93065,True
C04506,2025-02-21,91311,False
C04516,2025-07-05,93063,False
C04517,2025-10-11,93015,False
C04518,2025-06-22,93063,True
C04523,2025-07-18,93065,False
C04524,2025-09-27,93036,False
C04529,2025-08-22,93004,True
C04530,2025-08-19,91360,False
C04532,2025-02-14,91320,False
C04538,2025-09-21,91360,False
C04539,2025-08-28,93021,True
C04540,2025-04-25,93030,False
C04541,2025-11-21,93003,True
C04542,2025-05-27,93003,True
C04544,2025-01-31,91362,False
C04547,2025-10-31,93010,False
C04549,2025-07-02,,False
C04552,2025-06-28,93065,False
C04556,2025-05-10,93065,False
C04557,2025-02-07,93012,False
C04563,2025-02-28,93035,True
C04567,2025-08-02,93004,False
C04568,2025-12-09,93060,True
C04573,2025-03-21,93003,True
C04577,2025-03-09,93033,False
C04588,2025-07-25,93063,False
C04590,2025-11-28,93060,False
C04591,2025-07-10,93033,True
C04594,2025-06-14,,True
C04598,2025-06-29,93001,True
C04600,2025-10-05,93003,False
C04604,2025-08-03,91301,False
C04607,2025-11-20,93030,False
C04608,2025-09-13,93060,True
C04609,2025-01-18,91311,True
C04615,2025-07-06,93001,False
C04616,2025-07-01,93033,True
C04617,2025-04-04,93033,True
C04620,2025-11-08,91355,False
C04622,2025-07-05,93012,False
C04624,2025-01-03,93035,False
C04626,2025-05-23,93012,False
C04627,2025-04-26,93035,False
C04629,2025-06-06,93033,True
C04630,2025-10-02,91311,True
C04631,2025-01-31,93003,True
C04636,2025-05-15,93004,True
C04639,2025-11-19,91360,True
C04642,2025-07-11,91311,True
C04643,2025-05-10,91301,False
C04646,2025-07-27,93021,False
C04649,2025-04-25,91381,False
C04650,2025-10-07,93004,False
C04653,2025-01-17,93010,True
C04654,2025-09-12,93035,True
C04658,2025-11-29,93030,True
C04659,2025-01-24,91360,False
C04660,2025-01-17,93003,True
C04662,2025-04-22,93003,False
C04663,2025-07-13,,False
C04664,2025-11-02,91362,True
C04671,2025-02-25,93001,True
C04673,2025-03-28,,True
C04674,2025-01-31,93033,True
C04675,2025-08-21,93030,False
C04676,2025-03-19,93035,True
C04678,2025-03-22,93033,True
C04683,2025-05-09,93035,False
C04684,2025-06-01,93033,False
C04688,2025-04-01,93065,False
C04691,2025-04-11,,False
C04692,2025-03-14,93065,True
C04693,2025-01-23,93065,False
C04696,2025-08-01,91301,False
C04706,2025-01-10,93030,True
C04719,2025-08-31,93036,False
C04722,2025-08-02,93010,False
C04723,2025-10-01,,True
C04725,2025-01-05,91360,True
C04728,2025-11-21,91355,True
C04729,2025-04-18,93003,False
C04733,2025-03-19,91362,False
C04734,2025-08-06,91362,True
C04737,2025-12-27,93010,False
C04739,2025-05-02,93060,True
C04741,2025-04-18,91381,True
C04742,2025-02-25,93033,True
C04746,2025-01-11,91101,True
C04750,2025-06-07,91101,True
C04754,2025-01-04,93035,False
C04758,2025-03-16,93003,False
C04761,2025-12-06,93003,False
C04766,2025-01-17,91320,True
C04768,2025-01-18,93035,False
C04773,2025-10-26,93012,True
C04782,2025-03-18,93030,False
C04784,2025-04-19,,False
C04785,2025-11-07,93030,False
C04787,2025-10-26,93003,False
C04790,2025-01-25,91381,False
C04791,2025-05-21,93060,False
C04794,2025-07-02,93030,False
C04797,2025-05-16,91360,True
C04798,2025-04-18,93036,False
C04799,2025-04-02,93033,False
C04801,2025-07-23,93035,False
C04802,2025-09-27,91320,True
C04803,2025-09-30,93001,True
C04805,2025-05-31,93035,False
C04808,2025-04-30,93036,False
C04811,2025-10-22,93030,False
C04813,2025-10-18,93004,False
C04817,2025-05-09,93010,True
C04819,2025-06-07,91381,False
C04822,2025-08-28,91360,True
C04827,2025-06-12,93004,True
C04829,2025-10-03,93021,False
C04831,2025-05-17,93003,False
C04832,2025-09-06,93036,True
C04836,2025-05-09,91360,False
C04837,2025-01-03,93012,True
C04839,2025-01-21,93001,True
C04841,2025-11-22,93012,False
C04845,2025-02-07,93036,False
C04846,2025-05-08,unknown,False
C04847,2025-11-02,93001,True
C04849,2025-06-07,93003,True
C04851,2025-01-03,93065,True
C04854,2025-01-03,91362,True
C04856,2025-01-12,93003,False
C04857,2025-07-25,93003,False
C04860,2025-11-21,,True
C04863,2025-11-21,93036,True
C04864,2025-09-13,93033,False
C04871,2025-05-16,93030,False
C04872,2025-04-08,93021,True
C04875,2025-01-10,93010,False
C04878,2025-07-06,93033,False
C04884,2025-06-04,93004,False
C04885,2025-06-14,93030,False
C04891,2025-08-22,93010,True
C04893,2025-11-21,93001,False
C04894,2025-04-13,93015,True
C04895,2025-04-04,93060,False
C04900,2025-08-23,93030,False
C04903,2025-01-03,91362,True
C04905,2025-12-12,93035,False
C04909,2025-07-27,93012,False
C04910,2025-01-25,91320,True
C04913,2025-03-09,93010,False
C04914,2025-09-04,93030,False
C04916,2025-03-30,91311,False
C04920,2025-11-09,93030,False
C04921,2025-07-05,93033,False
C04922,2025-02-25,90802,True
C04923,2025-07-18,93063,True
C04926,2025-05-10,,False
C04933,2025-06-22,93063,False
C04934,2025-07-20,91360,True
C04937,2025-11-02,91362,False
C04939,2025-04-10,,False
C04942,2025-04-13,93060,True
C04948,2025-01-24,93021,False
C04949,2025-04-30,,False
C04950,2025-06-06,93010,False
C04951,2025-05-16,91301,True
C04953,2025-10-11,91320,True
C04961,2025-03-16,93033,True
C04962,2025-12-24,91360,True
C04963,2025-03-23,91360,False
C04964,2025-01-09,93001,True
C04965,2025-08-28,93033,True
C04972,2025-01-25,91362,True
C04974,2025-05-13,93001,False
C04978,2025-05-21,91362,True
C04979,2025-06-11,93030,False
C04982,2025-10-08,93030,True
C04984,2025-01-21,91355,True
C04986,2025-08-30,91362,False
C04987,2025-04-18,91360,False
C04988,2025-12-14,93030,True
C04989,2025-02-14,93001,False
C04990,2025-06-27,93001,True
C04991,2025-01-04,93065,True
C04994,2025-01-02,,False
C04996,2025-06-05,93010,True
C04997,2025-02-21,93001,True
C05000,2025-06-20,93021,False
C05005,2025-06-20,91360,True
C05007,2025-02-28,93001,False
C05011,2025-02-28,93033,True
C05013,2025-05-02,93036,True
C05014,2025-02-22,93004,False
C05017,2025-08-09,93010,False
C05025,2025-06-25,93030,False
C05030,2025-06-18,93001,True
C05031,2025-02-14,93036,True
C05033,2025-02-21,93001,True
C05034,2025-06-06,93012,False
C05035,2025-01-07,93010,False
C05037,2025-10-30,93012,False
C05043,2025-11-21,91360,False
C05045,2025-04-13,93060,True
C05046,2025-04-24,91360,False
C05049,2025-04-12,91362,True
C05050,2025-08-30,93010,False
C05052,2025-08-24,93004,False
C05062,2025-08-10,91360,True
C05066,2025-07-25,91381,False
C05070,2025-07-11,91355,False
C05072,2025-04-03,91362,False
C05073,2025-09-03,90802,False
C05077,2025-01-31,93065,False
C05079,2025-08-31,93012,False
C05081,2025-02-07,91362,True
C05086,2025-09-06,93003,False
C05091,2025-09-23,93003,False
C05094,2025-06-28,93030,False
C05099,2025-12-19,93003,False
C05101,2025-02-15,93021,False
C05102,2025-02-23,93030,True
C05103,2025-01-03,91381,True
C05104,2025-02-15,93036,False
C05105,2025-03-28,93035,False
C05108,2025-06-28,91320,True
C05115,2025-04-10,93030,True
C05119,2025-02-08,93001,True
C05120,2025-02-16,91360,False
C05122,2025-10-28,93065,False
C05124,2025-10-22,91362,False
C05128,2025-02-15,,True
C05130,2025-08-20,93065,False
C05131,2025-10-10,93036,True
C05133,2025-01-24,93003,True
C05138,2025-10-05,93001,True
C05139,2025-09-21,91360,True
C05142,2025-01-10,93001,False
C05143,2025-05-30,93033,False
C05145,2025-01-17,93012,False
C05150,2025-04-05,93065,True
C05151,2025-11-02,93035,False
C05154,2025-08-03,91360,True
C05156,2025-06-19,91311,True
C05157,2025-06-01,93030,False
C05158,2025-12-13,93004,False
C05165,2025-08-27,93033,False
C05166,2025-10-24,91362,False
C05167,2025-05-11,93060,False
C05168,2025-08-05,91360,False
C05169,2025-02-09,90802,True
C05170,2025-03-21,91360,False
C05171,2025-08-05,93010,False
C05173,2025-01-25,93021,False
C05174,2025-09-05,93033,True
C05175,2025-01-18,93063,True
C05177,2025-07-30,93003,True
C05178,2025-02-01,91360,True
C05181,2025-02-12,93033,False
C05182,2025-11-29,93060,False
C05186,2025-08-12,91101,False
C05190,2025-05-02,93065,False
C05192,2025-07-02,93063,False
C05195,2025-02-21,93004,False
C05197,2025-07-22,93063,False
C05199,2025-02-23,93030,False
C05201,2025-02-16,91301,True
C05202,2025-07-01,93010,True
C05204,2025-07-05,93003,False
C05205,2025-03-01,93033,True
C05208,2025-02-23,93001,False
C05209,2025-10-09,93010,True
C05210,2025-10-30,93012,True
C05213,2025-01-03,93001,False
C05218,2025-08-07,93010,True
C05223,2025-09-05,93010,True
C05224,2025-04-18,unknown,True
C05228,2025-11-26,93030,True
C05233,2025-04-18,91381,False
C05235,2025-10-03,90802,False
C05241,2025-11-18,93030,True
C05244,2025-03-14,93035,True
C05246,2025-10-02,91320,False
C05249,2025-06-28,93060,True
C05250,2025-02-16,93003,False
C05251,2025-07-09,93003,False
C05252,2025-01-17,91320,True
C05254,2025-01-24,93030,False
C05260,2025-07-26,93010,True
C05265,2025-03-29,91355,False
C05266,2025-01-03,93004,True
C05268,2025-08-07,93035,False
C05274,2025-10-25,91360,False
C05276,2025-01-07,93010,False
C05279,2025-06-27,91360,True
C05281,2025-04-18,,False
C05282,2025-02-14,93065,False
C05285,2025-05-23,93065,True
C05286,2025-01-04,91301,True
C05288,2025-03-04,93063,False
C05289,2025-04-08,91311,False
C05290,2025-04-08,,False
C05291,2025-08-09,93003,False
C05292,2025-06-14,93033,False
C05294,2025-01-10,91362,False
C05299,2025-06-25,93065,True
C05300,2025-01-04,93063,True
C05301,2025-05-08,93065,False
C05303,2025-11-14,93033,False
C05305,2025-12-16,93035,True
C05306,2025-04-25,93004,False
C05308,2025-11-09,91320,True
C05309,2025-01-18,91360,True
C05310,2025-07-03,93003,True
C05311,2025-05-30,93033,False
C05313,2025-09-25,93001,False
C05315,2025-11-21,93012,False
C05317,2025-06-06,91381,True
C05322,2025-02-02,93065,False
C05324,2025-11-14,,True
C05326,2025-02-28,93003,True
C05327,2025-03-11,93012,False
C05328,2025-03-12,93010,False
C05331,2025-02-07,93001,False
C05333,2025-04-25,91355,True
C05335,2025-01-11,93030,False
C05338,2025-03-21,93065,False
C05340,2025-01-02,93033,True
C05345,2025-09-19,93030,True
C05347,2025-09-12,93063,False
C05356,2025-10-11,93063,False
C05359,2025-06-04,,False
C05365,2025-02-21,unknown,False
C05368,2025-11-07,91311,False
C05369,2025-01-16,93004,False
C05371,2025-05-16,93001,True
C05375,2025-09-28,,False
C05376,2025-12-28,93033,False
C05377,2025-03-28,93063,True
C05384,2025-04-19,93033,True
C05387,2025-06-07,93033,True
C05389,2025-06-27,93004,False
C05390,2025-02-09,91301,False
C05391,2025-12-26,93010,False
C05393,2025-12-27,93033,False
C05397,2025-05-25,93010,False
C05402,2025-11-29,93035,True
C05404,2025-01-15,93030,True
C05407,2025-09-26,93001,False
C05408,2025-03-12,93001,True
C05411,2025-02-05,91311,True
C05414,2025-02-07,91355,True
C05415,2025-03-09,93030,False
C05417,2025-08-03,93010,True
C05420,2025-06-25,93015,False
C05424,2025-03-04,93003,True
C05429,2025-08-03,93033,False
C05430,2025-10-05,93036,False
C05431,2025-02-28,93004,False
C05435,2025-11-29,93003,False
C05437,2025-10-24,93033,False
C05438,2025-07-16,91355,True
C05439,2025-03-15,93033,False
C05440,2025-03-28,93010,True
C05442,2025-08-01,93001,False
C05443,2025-01-28,91360,False
C05444,2025-02-25,93010,False
C05445,2025-01-02,91362,False
C05448,2025-02-15,93004,False
C05452,2025-05-09,93035,False
C05454,2025-05-30,91355,True
C05460,2025-05-01,93003,True
C05461,2025-05-21,,False
C05463,2025-07-12,91360,True
C05469,2025-05-23,93012,False
C05476,2025-05-24,93063,True
C05477,2025-01-30,,True
C05480,2025-03-02,91381,False
C05482,2025-01-05,93012,True
C05484,2025-02-09,93065,False
C05487,2025-01-16,91320,False
C05488,2025-05-10,91362,True
C05496,2025-07-04,91360,True
C05499,2025-06-15,91360,True
C05501,2025-01-18,91360,True
C05507,2025-02-22,93060,True
C05511,2025-10-10,91362,True
C05514,2025-01-22,93003,False
C05518,2025-01-30,93001,True
C05519,2025-10-25,91101,True
C05523,2025-06-28,,False
C05524,2025-02-21,93033,False
C05526,2025-10-16,93036,False
C05527,2025-06-22,93012,False
C05529,2025-09-13,93003,False
C05530,2025-04-04,91360,False
C05531,2025-02-01,93012,False
C05533,2025-09-02,91381,False
C05534,2025-04-08,93004,False
C05535,2025-10-17,93030,False
C05537,2025-01-03,91301,True
C05538,2025-10-05,91362,False
C05540,2025-07-17,93003,True
C05541,2025-01-02,91362,False
C05543,2025-06-27,91360,False
C05547,2025-08-16,,False
C05548,2025-07-26,93003,False
C05549,2025-07-12,93010,False
C05551,2025-10-03,,True
C05552,2025-05-14,93015,True
C05555,2025-11-22,93065,False
C05557,2025-05-09,91362,False
C05560,2025-11-09,93036,True
C05563,2025-07-11,93033,True
C05564,2025-12-05,93030,True
C05566,2025-09-19,93060,True
C05571,2025-12-23,93012,True
C05573,2025-09-21,,False
C05575,2025-06-27,,False
C05576,2025-02-16,93001,True
C05578,2025-09-12,93033,False
C05579,2025-02-09,93033,False
C05584,2025-05-06,93004,False
C05585,2025-07-20,93001,False
C05587,2025-03-28,93010,False
C05589,2025-01-08,93065,False
C05591,2025-05-07,93030,False
C05593,2025-05-07,93060,False
C05595,2025-02-02,93012,False
C05602,2025-06-12,93065,True
C05605,2025-11-16,93010,False
C05606,2025-08-17,93063,False
C05610,2025-01-04,93060,False
C05616,2025-05-02,91362,True
C05617,2025-10-02,,False
C05618,2025-06-01,91362,False
C05620,2025-05-03,93030,True
C05621,2025-06-20,91362,False
C05627,2025-02-15,93012,False
C05629,2025-03-14,91355,True
C05630,2025-10-09,91355,False
C05632,2025-01-28,91362,True
C05633,2025-05-18,91362,False
C05635,2025-11-26,93004,True
C05640,2025-08-14,93004,False
C05650,2025-03-20,93060,True
C05652,2025-01-03,91360,False
C05654,2025-07-06,,False
C05655,2025-07-13,93001,True
C05656,2025-01-03,91355,True
C05660,2025-05-30,93065,False
C05661,2025-02-08,93001,False
C05664,2025-05-31,93035,True
C05665,2025-01-12,93010,True
C05675,2025-10-02,93004,False
C05676,2025-09-27,93065,False
C05677,2025-06-01,91355,True
C05680,2025-06-11,93004,False
C05685,2025-12-31,93003,False
C05686,2025-01-30,93036,True
C05687,2025-02-14,93001,True
C05688,2025-01-02,93010,True
C05691,2025-03-06,93030,False
C05698,2025-01-24,91360,False
C05700,2025-07-25,93060,True
C05702,2025-02-07,,True
C05703,2025-02-18,93012,True
C05707,2025-03-08,93003,False
C05710,2025-01-26,93004,False
C05713,2025-06-19,93033,False
C05714,2025-09-12,93060,False
C05720,2025-03-23,93003,True
C05724,2025-06-25,91101,False
C05728,2025-08-09,93004,False
C05730,2025-09-14,93015,True
C05732,2025-02-25,93033,False
C05736,2025-09-16,93003,False
C05743,2025-08-22,93004,False
C05744,2025-06-20,93030,False
C05747,2025-07-09,93010,True
C05750,2025-02-25,93065,False
C05753,2025-08-19,93036,False
C05755,2025-02-21,93035,True
C05756,2025-09-26,93036,False
C05757,2025-08-23,91360,True
C05759,2025-11-14,91360,True
C05761,2025-12-17,93033,True
C05762,2025-06-04,91320,False
C05766,2025-01-09,93063,False
C05771,2025-11-16,93004,False
C05773,2025-01-07,93030,True
C05775,2025-11-29,93015,True
C05776,2025-11-04,93010,True
C05780,2025-09-19,93001,True
C05782,2025-09-18,unknown,False
C05785,2025-06-21,93065,True
C05786,2025-01-07,93003,False
C05787,2025-04-16,93063,False
C05788,2025-11-21,,False
C05793,2025-08-22,93036,True
C05795,2025-10-01,93003,False
C05803,2025-07-05,91381,False
C05806,2025-02-28,93021,False
C05807,2025-09-19,93021,False
C05818,2025-08-02,93010,True
C05819,2025-03-09,91301,False
C05821,2025-04-25,93003,False
C05823,2025-01-25,,False
C05828,2025-01-04,93065,True
C05829,2025-02-14,93004,False
C05830,2025-10-03,91360,False
C05832,2025-07-12,93035,True
C05833,2025-03-07,93035,False
C05836,2025-07-05,93012,True
C05837,2025-03-13,93004,False
C05841,2025-06-21,91320,False
C05844,2025-10-17,93036,False
C05848,2025-01-14,93036,True
C05851,2025-10-05,93004,False
C05852,2025-06-10,90802,False
C05855,2025-01-12,91101,True
C05856,2025-03-14,93035,False
C05864,2025-09-19,93010,False
C05865,2025-01-29,93030,False
C05867,2025-05-31,91362,False
C05869,2025-05-09,93036,True
C05871,2025-04-30,93030,False
C05873,2025-01-05,93003,True
C05874,2025-02-21,93033,True
C05875,2025-04-25,,True
C05878,2025-10-17,93033,True
C05879,2025-08-22,91362,False
C05881,2025-02-15,93036,False
C05886,2025-06-06,91360,True
C05888,2025-11-11,93003,True
C05889,2025-08-16,93035,False
C05895,2025-01-09,91360,True
C05900,2025-05-23,93021,True
C05902,2025-10-23,93001,True
C05903,2025-02-26,93033,True
C05906,2025-06-15,93060,False
C05910,2025-06-24,93033,True
C05914,2025-02-26,93065,True
C05916,2025-11-14,91362,False
C05919,2025-08-02,,False
C05925,2025-08-17,93003,False
C05926,2025-08-01,91320,True
C05930,2025-07-24,93033,True
C05931,2025-05-06,90802,False
C05933,2025-05-10,93065,False
C05935,2025-11-12,93003,True
C05937,2025-02-07,93010,True
C05939,2025-05-03,93003,False
C05941,2025-10-05,93001,False
C05942,2025-04-03,93030,False
C05944,2025-01-17,93003,False
C05946,2025-01-16,93003,True
C05950,2025-05-10,91301,False
C05952,2025-08-22,91311,False
C05953,2025-04-04,91362,False
C05956,2025-06-06,93004,False
C05957,2025-02-14,93030,False
C05958,2025-10-01,93035,True
C05960,2025-03-14,unknown,False
C05965,2025-12-21,93003,False
C05966,2025-08-02,,True
C05968,2025-04-25,93004,True
C05969,2025-01-09,93030,False
C05972,2025-02-28,93030,True
C05976,2025-04-29,93001,True
C05980,2025-08-29,91311,False
C05982,2025-09-30,93030,False
C05987,2025-03-06,93003,True
C05989,2025-04-10,93021,False
C05990,2025-01-03,93010,False
C05991,2025-01-04,93010,True
C06000,2025-03-08,93003,False
C06001,2025-06-08,93001,False
C06002,2025-01-10,91355,True
C06004,2025-04-11,93036,True
C06005,2025-03-07,93003,True
C06008,2025-06-06,93010,False
C06012,2025-01-29,91360,False
C06013,2025-02-01,93010,True
C06023,2025-11-20,,True
C06026,2025-01-07,93010,False
C06027,2025-08-31,93003,True
C06032,2025-12-13,93010,False
C06033,2025-01-18,93001,True
C06036,2025-06-12,93004,False
C06037,2025-01-05,91362,False
C06039,2025-12-19,93001,True
C06042,2025-01-19,93065,True
C06043,2025-02-07,93003,False
C06044,2025-05-25,93065,False
C06046,2025-10-09,91101,False
C06052,2025-01-21,91360,False
C06054,2025-06-06,93001,True
C06055,2025-08-22,93003,True
C06057,2025-05-23,91320,True
C06058,2025-08-13,91360,False
C06059,2025-04-09,,False
C06060,2025-01-05,91355,False
C06063,2025-05-23,93030,True
C06064,2025-08-22,91362,False
C06065,2025-12-18,,False
C06069,2025-04-12,91360,True
C06073,2025-09-27,,True
C06079,2025-01-05,93004,True
C06080,2025-02-26,91360,False
C06082,2025-10-24,93036,True
C06090,2025-02-28,93010,False
C06092,2025-04-25,93003,True
C06093,2025-12-24,,False
C06096,2025-09-17,93036,False
C06099,2025-05-03,93035,False
C06103,2025-09-03,93035,False
C06106,2025-12-09,93001,False
C06111,2025-10-04,93001,True
C06114,2025-03-21,93001,False
C06115,2025-04-04,93003,False
C06116,2025-03-08,93033,False
C06118,2025-10-31,93001,True
C06119,2025-01-12,93060,False
C06120,2025-10-12,93060,True
C06122,2025-02-15,93001,False
C06124,2025-12-13,93001,False
C06127,2025-07-05,93010,True
C06128,2025-03-15,91320,True
C06132,2025-04-03,93001,False
C06135,2025-02-11,93001,False
C06136,2025-03-02,93001,True
C06139,2025-09-21,91381,True
C06142,2025-06-11,93033,True
C06144,2025-01-31,91362,False
C06145,2025-08-07,93004,False
C06152,2025-02-22,93004,False
C06155,2025-03-11,93065,False
C06156,2025-04-09,91381,True
C06158,2025-04-16,93004,True
C06159,2025-02-09,93004,True
C06161,2025-02-04,93065,False
C06164,2025-11-04,91360,False
C06165,2025-05-17,93063,False
C06169,2025-11-21,93003,False
C06171,2025-01-18,93065,False
C06176,2025-02-27,93021,False
C06181,2025-05-28,93012,True
C06187,2025-08-19,93036,False
C06190,2025-08-28,93001,False
C06191,2025-05-06,93065,False
C06192,2025-08-09,93010,True
C06193,2025-06-29,90802,True
C06195,2025-05-24,93003,True
C06196,2025-04-05,93001,False
C06198,2025-11-08,93010,True
C06204,2025-02-05,93063,True
C06216,2025-02-14,93012,True
C06219,2025-04-18,,True
C06222,2025-02-09,93003,True
C06227,2025-11-21,93060,False
C06229,2025-04-06,93001,False
C06234,2025-11-01,93004,True
C06241,2025-09-05,93001,False
C06245,2025-06-21,93065,True
C06246,2025-03-25,91355,True
C06247,2025-04-06,93063,False
C06253,2025-03-08,93030,False
C06254,2025-01-03,91360,False
C06261,2025-08-09,,False
C06263,2025-12-21,93065,True
C06270,2025-01-03,90802,True
C06272,2025-01-04,93004,True
C06274,2025-01-05,91320,True
C06277,2025-10-14,91381,True
C06282,2025-06-07,93030,True
C06284,2025-06-05,93003,True
C06285,2025-06-17,91311,False
C06286,2025-07-02,91381,False
C06287,2025-04-09,93021,False
C06288,2025-08-14,93003,False
C06290,2025-01-18,93015,False
C06296,2025-05-16,93021,False
C06297,2025-02-15,93035,False
C06299,2025-07-25,93004,True
C06301,2025-10-02,93021,True
C06302,2025-08-29,91360,False
C06307,2025-12-12,,False
C06308,2025-07-18,,False
C06316,2025-03-07,93036,False
C06317,2025-01-18,93004,False
C06318,2025-09-03,93065,False
C06324,2025-04-25,91362,True
C06326,2025-07-17,93010,True
C06327,2025-03-19,93012,False
C06332,2025-10-15,93035,False
C06335,2025-01-21,93030,False
C06339,2025-09-04,93012,True
C06341,2025-06-28,93003,False
C06345,2025-06-03,93004,True
C06348,2025-12-16,93033,False
C06353,2025-01-12,93065,False
C06361,2025-06-20,91362,False
C06364,2025-01-24,93035,True
C06365,2025-10-07,91320,False
C06367,2025-10-07,91381,False
C06372,2025-02-01,91301,True
C06375,2025-08-02,93021,True
C06379,2025-05-17,,True
C06381,2025-01-03,93035,False
C06382,2025-01-11,93004,False
C06385,2025-11-28,93021,True
C06386,2025-06-24,91311,False
C06388,2025-02-19,91320,True
C06390,2025-02-23,93021,True
C06391,2025-09-26,93010,True
C06393,2025-05-24,93010,False
C06394,2025-04-20,,True
C06395,2025-02-27,93060,False
C06397,2025-01-18,93012,False
C06401,2025-02-23,93010,True
C06403,2025-06-13,93065,True
C06405,2025-02-21,93036,True
C06406,2025-12-13,93035,False
C06409,2025-10-23,93015,False
C06411,2025-06-28,93010,True
C06412,2025-02-16,90802,False
C06413,2025-01-17,93003,False
C06420,2025-05-09,93003,False
C06423,2025-01-31,93036,False
C06427,2025-04-24,93010,True
C06433,2025-08-01,93004,True
C06435,2025-07-03,93012,False
C06437,2025-03-15,93012,False
C06438,2025-11-09,93035,False
C06440,2025-05-21,93004,False
C06442,2025-07-13,93004,False
C06443,2025-03-13,93010,False
C06444,2025-12-06,93030,False
C06445,2025-11-29,91362,True
C06446,2025-07-11,,True
C06447,2025-03-15,93004,False
C06448,2025-01-29,93010,False
C06453,2025-05-31,93012,False
C06454,2025-09-24,93030,True
C06458,2025-05-03,91101,False
C06461,2025-01-04,93015,True
C06462,2025-11-01,93033,False
C06465,2025-08-12,93060,False
C06474,2025-10-12,93065,False
C06476,2025-08-07,93015,True
C06479,2025-03-06,,True
C06487,2025-10-24,93036,True
C06493,2025-05-02,,False
C06494,2025-05-10,91360,True
C06499,2025-07-23,93033,False
C06500,2025-11-28,93035,False
C02795,2025-02-08,91381,False
C05698,2025-01-24,91360,False
C04494,2025-01-04,91360,True
C04084,2025-07-13,93010,False
C00907,2025-12-27,90802,False
C02711,2025-09-16,93030,False
C01156,2025-03-27,91381,True
C06008,2025-06-06,93010,False
C00680,2025-07-18,93010,False
C05177,2025-07-30,93003,True
C06155,2025-03-11,93065,False
C04563,2025-02-28,93035,True
C04671,2025-02-25,93001,True
C05345,2025-09-19,93030,True
C06499,2025-07-23,93033,False
