item_id,item_name,category,base_price,food_cost,is_combo
1,Classic Hot Chicken Sandwich,Sandwich,12.5,3.85,False
2,Double Stack Sandwich,Sandwich,15.5,5.9,False
3,Chicken & Waffle Sandwich,Sandwich,13.5,4.3,False
4,Tenders 3pc,Tenders,9.5,2.85,False
5,Tenders 5pc,Tenders,14.0,4.3,False
6,Tenders 8pc,Tenders,19.5,6.4,False
7,Wings 6pc,Wings,11.0,4.6,False
8,Wings 10pc,Wings,17.0,7.2,False
9,Wings 20pc,Wings,32.0,14.0,False
10,Seasoned Fries,Sides,4.5,1.1,False
11,Mac & Cheese,Sides,5.5,1.7,False
12,Coleslaw,Sides,4.0,0.85,False
13,Pickle Chips,Sides,3.0,0.55,False
14,Cornbread,Sides,3.5,0.8,False
15,Lemonade,Drinks,4.0,0.65,False
16,Sweet Tea,Drinks,3.5,0.4,False
17,Fountain Soda,Drinks,3.0,0.45,False
18,Banana Pudding Shake,Drinks,7.0,2.2,False
19,Sandwich Combo,Combos,17.5,5.8,True
20,Tender Combo,Combos,18.0,6.1,True
21,Wing Combo,Combos,20.5,8.3,True
22,Family Pack,Combos,58.0,21.5,True
